moment,q0,q10,q50,q90,q100,corrected
2019-03-18T18:01Z,1.47479695565795943,1.4803825692199708,1.48776331536865314,2.3785950820159929,2.86321556362915075,2.86321556362915075
2019-03-18T18:31Z,1.47479695565795943,1.4803825692199708,1.48776331536865314,2.3785950820159929,2.86321556362915075,2.79559399972534273
2019-03-18T19:01Z,1.47479695565795943,1.4803825692199708,1.48776331536865314,2.3785950820159929,2.86321556362915075,2.6082621494140632
2019-03-18T19:31Z,1.47479695565795943,1.4803825692199708,1.48776331536865314,2.3785950820159929,2.86321556362915075,2.29999463839721763
2019-03-18T20:01Z,1.47479695565795943,1.4803825692199708,1.48776331536865314,2.3785950820159929,2.86321556362915075,1.93450259951782222
2019-03-18T20:31Z,1.47479695565795943,1.4803825692199708,1.48776331536865314,2.3785950820159929,2.86321556362915075,1.61672390386963016
2019-03-18T21:01Z,1.47479695565795943,1.4803825692199708,1.48776331536865314,2.3785950820159929,2.86321556362915075,1.50256467150878947
2019-03-18T21:31Z,1.47479695565795943,1.4803825692199708,1.48776331536865314,2.3785950820159929,2.86321556362915075,1.48087400387573354
2019-03-18T22:01Z,1.47479695565795943,1.4803825692199708,1.48776331536865314,2.3785950820159929,2.86321556362915075,1.47479695565795943
2019-03-18T22:31Z,1.47479695565795943,1.4803825692199708,1.48776331536865314,2.3785950820159929,2.86321556362915075,1.47641275314331111
2019-03-18T23:01Z,1.47479695565795943,1.4803825692199708,1.48776331536865314,2.3785950820159929,2.86321556362915075,1.48155162921142569
2019-03-18T23:31Z,1.47479695565795943,1.4803825692199708,1.48776331536865314,2.3785950820159929,2.86321556362915075,1.48420160598754869
2019-03-19T00:01Z,1.47479695565795943,1.4803825692199708,1.48776331536865314,2.3785950820159929,2.86321556362915075,1.48555267834472637
2019-03-19T00:31Z,1.47479695565795943,1.4803825692199708,1.48776331536865314,2.3785950820159929,2.86321556362915075,1.48391061203003005
2019-03-19T01:01Z,1.47479695565795943,1.4803825692199708,1.48776331536865314,2.3785950820159929,2.86321556362915075,1.48293815240478644
2019-03-19T01:31Z,1.47479695565795943,1.4803825692199708,1.48776331536865314,2.3785950820159929,2.86321556362915075,1.48190479962158328
2019-03-19T02:01Z,1.47479695565795943,1.4803825692199708,1.48776331536865314,2.3785950820159929,2.86321556362915075,1.48028144027709985
2019-03-19T02:31Z,1.47479695565795943,1.4803825692199708,1.48776331536865314,2.3785950820159929,2.86321556362915075,1.48038335626220707
2019-03-19T03:01Z,1.47479695565795943,1.4803825692199708,1.48776331536865314,2.3785950820159929,2.86321556362915075,1.48143224102783222
2019-03-19T03:31Z,1.47479695565795943,1.4803825692199708,1.48776331536865314,2.3785950820159929,2.86321556362915075,1.48250956018066482
2019-03-19T04:01Z,1.45097553109741284,1.45426219987793059,1.4660191464386001,2.52822850866699289,3.0113240448913583,1.48378810461425914
2019-03-19T04:31Z,1.45097553109741284,1.45426219987793059,1.4660191464386001,2.52822850866699289,3.0113240448913583,1.48786034262085032
2019-03-19T05:01Z,1.45097553109741284,1.45426219987793059,1.4660191464386001,2.52822850866699289,3.0113240448913583,1.64430498953247195
2019-03-19T05:31Z,1.45097553109741284,1.45426219987793059,1.4660191464386001,2.52822850866699289,3.0113240448913583,1.96465001181030274
2019-03-19T06:01Z,1.45097553109741284,1.45426219987793059,1.4660191464386001,2.52822850866699289,3.0113240448913583,2.19486223840332073
2019-03-19T06:31Z,1.45097553109741284,1.45426219987793059,1.4660191464386001,2.52822850866699289,3.0113240448913583,2.29195364389038225
2019-03-19T07:01Z,1.45097553109741284,1.45426219987793059,1.4660191464386001,2.52822850866699289,3.0113240448913583,2.27445015982055665
2019-03-19T07:31Z,1.45097553109741284,1.45426219987793059,1.4660191464386001,2.52822850866699289,3.0113240448913583,2.1217982160339357
2019-03-19T08:01Z,1.45097553109741284,1.45426219987793059,1.4660191464386001,2.52822850866699289,3.0113240448913583,1.88428378384399409
2019-03-19T08:31Z,1.45097553109741284,1.45426219987793059,1.4660191464386001,2.52822850866699289,3.0113240448913583,1.62254135284423917
2019-03-19T09:01Z,1.45097553109741284,1.45426219987793059,1.4660191464386001,2.52822850866699289,3.0113240448913583,1.50119524581909225
2019-03-19T09:31Z,1.45097553109741284,1.45426219987793059,1.4660191464386001,2.52822850866699289,3.0113240448913583,1.47062008459472793
2019-03-19T10:01Z,1.45097553109741284,1.45426219987793059,1.4660191464386001,2.52822850866699289,3.0113240448913583,1.46187435263061616
2019-03-19T10:31Z,1.45097553109741284,1.45426219987793059,1.4660191464386001,2.52822850866699289,3.0113240448913583,1.45749319168090885
2019-03-19T11:01Z,1.45097553109741284,1.45426219987793059,1.4660191464386001,2.52822850866699289,3.0113240448913583,1.45488362091064438
2019-03-19T11:31Z,1.45097553109741284,1.45426219987793059,1.4660191464386001,2.52822850866699289,3.0113240448913583,1.45265054583740216
2019-03-19T12:01Z,1.45097553109741284,1.45426219987793059,1.4660191464386001,2.52822850866699289,3.0113240448913583,1.45173786453247189
2019-03-19T12:31Z,1.45097553109741284,1.45426219987793059,1.4660191464386001,2.52822850866699289,3.0113240448913583,1.45097553109741284
2019-03-19T13:01Z,1.45097553109741284,1.45426219987793059,1.4660191464386001,2.52822850866699289,3.0113240448913583,1.4521868881530775
2019-03-19T13:31Z,1.45097553109741284,1.45426219987793059,1.4660191464386001,2.52822850866699289,3.0113240448913583,1.45457113760376089
2019-03-19T14:01Z,1.45097553109741284,1.45426219987793059,1.4660191464386001,2.52822850866699289,3.0113240448913583,1.45354134518432687
2019-03-19T14:31Z,1.45097553109741284,1.45426219987793059,1.4660191464386001,2.52822850866699289,3.0113240448913583,1.45487154501342886
2019-03-19T15:01Z,1.45097553109741284,1.45426219987793059,1.4660191464386001,2.52822850866699289,3.0113240448913583,1.45498687594604625
2019-03-19T15:31Z,1.45097553109741284,1.45426219987793059,1.4660191464386001,2.52822850866699289,3.0113240448913583,1.45520312066650526
2019-03-19T16:01Z,1.45097553109741284,1.45426219987793059,1.4660191464386001,2.52822850866699289,3.0113240448913583,1.45883440945434728
2019-03-19T16:31Z,1.45097553109741284,1.45426219987793059,1.4660191464386001,2.52822850866699289,3.0113240448913583,1.53307588677978579
2019-03-19T17:01Z,1.45097553109741284,1.45426219987793059,1.4660191464386001,2.52822850866699289,3.0113240448913583,2.079373704132081
2019-03-19T17:31Z,1.45097553109741284,1.45426219987793059,1.4660191464386001,2.52822850866699289,3.0113240448913583,2.49051233215332068
2019-03-19T18:01Z,1.45097553109741284,1.45426219987793059,1.4660191464386001,2.52822850866699289,3.0113240448913583,2.78452719921875058
2019-03-19T18:31Z,1.45097553109741284,1.45426219987793059,1.4660191464386001,2.52822850866699289,3.0113240448913583,2.93866490408325198
2019-03-19T19:01Z,1.45097553109741284,1.45426219987793059,1.4660191464386001,2.52822850866699289,3.0113240448913583,3.0113240448913583
2019-03-19T19:31Z,1.45097553109741284,1.45426219987793059,1.4660191464386001,2.52822850866699289,3.0113240448913583,2.88816738500976555
2019-03-19T20:01Z,1.45097553109741284,1.45426219987793059,1.4660191464386001,2.52822850866699289,3.0113240448913583,2.61623292053222656
2019-03-19T20:31Z,1.45097553109741284,1.45426219987793059,1.4660191464386001,2.52822850866699289,3.0113240448913583,2.22780701501464939
2019-03-19T21:01Z,1.45097553109741284,1.45426219987793059,1.4660191464386001,2.52822850866699289,3.0113240448913583,1.80424110565185636
2019-03-19T21:31Z,1.45097553109741284,1.45426219987793059,1.4660191464386001,2.52822850866699289,3.0113240448913583,1.5322220373535167
2019-03-19T22:01Z,1.45097553109741284,1.45426219987793059,1.4660191464386001,2.52822850866699289,3.0113240448913583,1.46896955850219868
2019-03-19T22:31Z,1.45097553109741284,1.45426219987793059,1.4660191464386001,2.52822850866699289,3.0113240448913583,1.45938189297485366
2019-03-19T23:01Z,1.45097553109741284,1.45426219987793059,1.4660191464386001,2.52822850866699289,3.0113240448913583,1.45988417648315583
2019-03-19T23:31Z,1.45097553109741284,1.45426219987793059,1.4660191464386001,2.52822850866699289,3.0113240448913583,1.46306873437500151
2019-03-20T00:01Z,1.45097553109741284,1.45426219987793059,1.4660191464386001,2.52822850866699289,3.0113240448913583,1.46256093463134818
2019-03-20T00:31Z,1.45097553109741284,1.45426219987793059,1.4660191464386001,2.52822850866699289,3.0113240448913583,1.45976450720214856
2019-03-20T01:01Z,1.45097553109741284,1.45426219987793059,1.4660191464386001,2.52822850866699289,3.0113240448913583,1.45575850289917064
2019-03-20T01:31Z,1.45097553109741284,1.45426219987793059,1.4660191464386001,2.52822850866699289,3.0113240448913583,1.45477424734497163
2019-03-20T02:01Z,1.45097553109741284,1.45426219987793059,1.4660191464386001,2.52822850866699289,3.0113240448913583,1.45683109832763691
2019-03-20T02:31Z,1.45097553109741284,1.45426219987793059,1.4660191464386001,2.52822850866699289,3.0113240448913583,1.45786522909545901
2019-03-20T03:01Z,1.45097553109741284,1.45426219987793059,1.4660191464386001,2.52822850866699289,3.0113240448913583,1.45986074578857483
2019-03-20T03:31Z,1.45097553109741284,1.45426219987793059,1.4660191464386001,2.52822850866699289,3.0113240448913583,1.46252453012085049
2019-03-20T04:01Z,1.42116931759643705,1.43959662352294981,1.48080779748535285,2.79373127641296559,3.13934644943237373,1.46364816412353527
2019-03-20T04:31Z,1.42116931759643705,1.43959662352294981,1.48080779748535285,2.79373127641296559,3.13934644943237373,1.46553820446777472
2019-03-20T05:01Z,1.42116931759643705,1.43959662352294981,1.48080779748535285,2.79373127641296559,3.13934644943237373,1.46825224938964993
2019-03-20T05:31Z,1.42116931759643705,1.43959662352294981,1.48080779748535285,2.79373127641296559,3.13934644943237373,1.70266724005126946
2019-03-20T06:01Z,1.42116931759643705,1.43959662352294981,1.48080779748535285,2.79373127641296559,3.13934644943237373,2.15391130627441463
2019-03-20T06:31Z,1.42116931759643705,1.43959662352294981,1.48080779748535285,2.79373127641296559,3.13934644943237373,2.46634767926025411
2019-03-20T07:01Z,1.42116931759643705,1.43959662352294981,1.48080779748535285,2.79373127641296559,3.13934644943237373,2.6502698260498061
2019-03-20T07:31Z,1.42116931759643705,1.43959662352294981,1.48080779748535285,2.79373127641296559,3.13934644943237373,2.74200510855102664
2019-03-20T08:01Z,1.42116931759643705,1.43959662352294981,1.48080779748535285,2.79373127641296559,3.13934644943237373,2.62182543853759853
2019-03-20T08:31Z,1.42116931759643705,1.43959662352294981,1.48080779748535285,2.79373127641296559,3.13934644943237373,2.33472286642456162
2019-03-20T09:01Z,1.42116931759643705,1.43959662352294981,1.48080779748535285,2.79373127641296559,3.13934644943237373,1.97457815390014702
2019-03-20T09:31Z,1.42116931759643705,1.43959662352294981,1.48080779748535285,2.79373127641296559,3.13934644943237373,1.6263004410705566
2019-03-20T10:01Z,1.42116931759643705,1.43959662352294981,1.48080779748535285,2.79373127641296559,3.13934644943237373,1.42116931759643705
2019-03-20T10:31Z,1.42116931759643705,1.43959662352294981,1.48080779748535285,2.79373127641296559,3.13934644943237373,1.42626567062377951
2019-03-20T11:01Z,1.42116931759643705,1.43959662352294981,1.48080779748535285,2.79373127641296559,3.13934644943237373,1.43022753286743232
2019-03-20T11:31Z,1.42116931759643705,1.43959662352294981,1.48080779748535285,2.79373127641296559,3.13934644943237373,1.43654587551879942
2019-03-20T12:01Z,1.42116931759643705,1.43959662352294981,1.48080779748535285,2.79373127641296559,3.13934644943237373,1.4461051551818862
2019-03-20T12:31Z,1.42116931759643705,1.43959662352294981,1.48080779748535285,2.79373127641296559,3.13934644943237373,1.45591362799072321
2019-03-20T13:01Z,1.42116931759643705,1.43959662352294981,1.48080779748535285,2.79373127641296559,3.13934644943237373,1.46186966787719719
2019-03-20T13:31Z,1.42116931759643705,1.43959662352294981,1.48080779748535285,2.79373127641296559,3.13934644943237373,1.76271006051635837
2019-03-20T14:01Z,1.42116931759643705,1.43959662352294981,1.48080779748535285,2.79373127641296559,3.13934644943237373,2.27625697436523566
2019-03-20T14:31Z,1.42116931759643705,1.43959662352294981,1.48080779748535285,2.79373127641296559,3.13934644943237373,2.69560063470458999
2019-03-20T15:01Z,1.42116931759643705,1.43959662352294981,1.48080779748535285,2.79373127641296559,3.13934644943237373,2.96296713732910177
2019-03-20T15:31Z,1.42116931759643705,1.43959662352294981,1.48080779748535285,2.79373127641296559,3.13934644943237373,3.13934644943237373
2019-03-20T16:01Z,1.42116931759643705,1.43959662352294981,1.48080779748535285,2.79373127641296559,3.13934644943237373,3.12485919787597766
2019-03-20T16:31Z,1.42116931759643705,1.43959662352294981,1.48080779748535285,2.79373127641296559,3.13934644943237373,2.91442566809082138
2019-03-20T17:01Z,1.42116931759643705,1.43959662352294981,1.48080779748535285,2.79373127641296559,3.13934644943237373,2.56832581457519638
2019-03-20T17:31Z,1.42116931759643705,1.43959662352294981,1.48080779748535285,2.79373127641296559,3.13934644943237373,2.13633728912353504
2019-03-20T18:01Z,1.42116931759643705,1.43959662352294981,1.48080779748535285,2.79373127641296559,3.13934644943237373,1.69606039517212004
2019-03-20T18:31Z,1.42116931759643705,1.43959662352294981,1.48080779748535285,2.79373127641296559,3.13934644943237373,1.493009624786378
2019-03-20T19:01Z,1.42116931759643705,1.43959662352294981,1.48080779748535285,2.79373127641296559,3.13934644943237373,1.4525779514770516
2019-03-20T19:31Z,1.42116931759643705,1.43959662352294981,1.48080779748535285,2.79373127641296559,3.13934644943237373,1.4440502444152834
2019-03-20T20:01Z,1.42116931759643705,1.43959662352294981,1.48080779748535285,2.79373127641296559,3.13934644943237373,1.44124847644043008
2019-03-20T20:31Z,1.42116931759643705,1.43959662352294981,1.48080779748535285,2.79373127641296559,3.13934644943237373,1.44004424011230547
2019-03-20T21:01Z,1.42116931759643705,1.43959662352294981,1.48080779748535285,2.79373127641296559,3.13934644943237373,1.43855218481445313
2019-03-20T21:31Z,1.42116931759643705,1.43959662352294981,1.48080779748535285,2.79373127641296559,3.13934644943237373,1.44189292077636821
2019-03-20T22:01Z,1.42116931759643705,1.43959662352294981,1.48080779748535285,2.79373127641296559,3.13934644943237373,1.44701543835449264
2019-03-20T22:31Z,1.42116931759643705,1.43959662352294981,1.48080779748535285,2.79373127641296559,3.13934644943237373,1.4523839740905764
2019-03-20T23:01Z,1.42116931759643705,1.43959662352294981,1.48080779748535285,2.79373127641296559,3.13934644943237373,1.45668135772705121
2019-03-20T23:31Z,1.42116931759643705,1.43959662352294981,1.48080779748535285,2.79373127641296559,3.13934644943237373,1.46119160140991333
2019-03-21T00:01Z,1.42116931759643705,1.43959662352294981,1.48080779748535285,2.79373127641296559,3.13934644943237373,1.46483352276611356
2019-03-21T00:31Z,1.42116931759643705,1.43959662352294981,1.48080779748535285,2.79373127641296559,3.13934644943237373,1.46634433355712979
2019-03-21T01:01Z,1.42116931759643705,1.43959662352294981,1.48080779748535285,2.79373127641296559,3.13934644943237373,1.46815454956054836
2019-03-21T01:31Z,1.42116931759643705,1.43959662352294981,1.48080779748535285,2.79373127641296559,3.13934644943237373,1.4686059701843277
2019-03-21T02:01Z,1.42116931759643705,1.43959662352294981,1.48080779748535285,2.79373127641296559,3.13934644943237373,1.61412390658569471
2019-03-21T02:31Z,1.42116931759643705,1.43959662352294981,1.48080779748535285,2.79373127641296559,3.13934644943237373,2.21277321569824359
2019-03-21T03:01Z,1.42116931759643705,1.43959662352294981,1.48080779748535285,2.79373127641296559,3.13934644943237373,2.64589249588012798
2019-03-21T03:31Z,1.42116931759643705,1.43959662352294981,1.48080779748535285,2.79373127641296559,3.13934644943237373,2.9261971502990729
2019-03-21T04:01Z,1.43652932952880974,1.43912975972900425,1.44910313792419476,3.16851288692932309,3.72374655999755966,3.10582452014160282
2019-03-21T04:31Z,1.43652932952880974,1.43912975972900425,1.44910313792419476,3.16851288692932309,3.72374655999755966,3.09032623165893661
2019-03-21T05:01Z,1.43652932952880974,1.43912975972900425,1.44910313792419476,3.16851288692932309,3.72374655999755966,2.87012391284179813
2019-03-21T05:31Z,1.43652932952880974,1.43912975972900425,1.44910313792419476,3.16851288692932309,3.72374655999755966,2.50007198651123197
2019-03-21T06:01Z,1.43652932952880974,1.43912975972900425,1.44910313792419476,3.16851288692932309,3.72374655999755966,2.05495344891357412
2019-03-21T06:31Z,1.43652932952880974,1.43912975972900425,1.44910313792419476,3.16851288692932309,3.72374655999755966,1.6434757391357433
2019-03-21T07:01Z,1.43652932952880974,1.43912975972900425,1.44910313792419476,3.16851288692932309,3.72374655999755966,1.48381280792236403
2019-03-21T07:31Z,1.43652932952880974,1.43912975972900425,1.44910313792419476,3.16851288692932309,3.72374655999755966,1.45260349807739253
2019-03-21T08:01Z,1.43652932952880974,1.43912975972900425,1.44910313792419476,3.16851288692932309,3.72374655999755966,1.44474072250366348
2019-03-21T08:31Z,1.43652932952880974,1.43912975972900425,1.44910313792419476,3.16851288692932309,3.72374655999755966,1.44221219519043053
2019-03-21T09:01Z,1.43652932952880974,1.43912975972900425,1.44910313792419476,3.16851288692932309,3.72374655999755966,1.44024528857421963
2019-03-21T09:31Z,1.43652932952880974,1.43912975972900425,1.44910313792419476,3.16851288692932309,3.72374655999755966,1.4392356464538576
2019-03-21T10:01Z,1.43652932952880974,1.43912975972900425,1.44910313792419476,3.16851288692932309,3.72374655999755966,1.43963485061645535
2019-03-21T10:31Z,1.43652932952880974,1.43912975972900425,1.44910313792419476,3.16851288692932309,3.72374655999755966,1.44018589450073264
2019-03-21T11:01Z,1.43652932952880974,1.43912975972900425,1.44910313792419476,3.16851288692932309,3.72374655999755966,1.44031051895141715
2019-03-21T11:31Z,1.43652932952880974,1.43912975972900425,1.44910313792419476,3.16851288692932309,3.72374655999755966,1.44047572509765764
2019-03-21T12:01Z,1.43652932952880974,1.43912975972900425,1.44910313792419476,3.16851288692932309,3.72374655999755966,1.44116019006347784
2019-03-21T12:31Z,1.43652932952880974,1.43912975972900425,1.44910313792419476,3.16851288692932309,3.72374655999755966,1.44029108975219877
2019-03-21T13:01Z,1.43652932952880974,1.43912975972900425,1.44910313792419476,3.16851288692932309,3.72374655999755966,1.44163370233154353
2019-03-21T13:31Z,1.43652932952880974,1.43912975972900425,1.44910313792419476,3.16851288692932309,3.72374655999755966,1.44365370767211942
2019-03-21T14:01Z,1.43652932952880974,1.43912975972900425,1.44910313792419476,3.16851288692932309,3.72374655999755966,1.74367521206665188
2019-03-21T14:31Z,1.43652932952880974,1.43912975972900425,1.44910313792419476,3.16851288692932309,3.72374655999755966,2.41259879571533276
2019-03-21T15:01Z,1.43652932952880974,1.43912975972900425,1.44910313792419476,3.16851288692932309,3.72374655999755966,2.97026778463745167
2019-03-21T15:31Z,1.43652932952880974,1.43912975972900425,1.44910313792419476,3.16851288692932309,3.72374655999755966,3.32878746191406272
2019-03-21T16:01Z,1.43652932952880974,1.43912975972900425,1.44910313792419476,3.16851288692932309,3.72374655999755966,3.63347889990234485
2019-03-21T16:31Z,1.43652932952880974,1.43912975972900425,1.44910313792419476,3.16851288692932309,3.72374655999755966,3.72374655999755966
2019-03-21T17:01Z,1.43652932952880974,1.43912975972900425,1.44910313792419476,3.16851288692932309,3.72374655999755966,3.59584465621948368
2019-03-21T17:31Z,1.43652932952880974,1.43912975972900425,1.44910313792419476,3.16851288692932309,3.72374655999755966,3.3147857427673344
2019-03-21T18:01Z,1.43652932952880974,1.43912975972900425,1.44910313792419476,3.16851288692932309,3.72374655999755966,2.88563544555664109
2019-03-21T18:31Z,1.43652932952880974,1.43912975972900425,1.44910313792419476,3.16851288692932309,3.72374655999755966,2.3444829027709968
2019-03-21T19:01Z,1.43652932952880974,1.43912975972900425,1.44910313792419476,3.16851288692932309,3.72374655999755966,1.81799027526855461
2019-03-21T19:31Z,1.43652932952880974,1.43912975972900425,1.44910313792419476,3.16851288692932309,3.72374655999755966,1.51140133935546928
2019-03-21T20:01Z,1.43652932952880974,1.43912975972900425,1.44910313792419476,3.16851288692932309,3.72374655999755966,1.45152154269409195
2019-03-21T20:31Z,1.43652932952880974,1.43912975972900425,1.44910313792419476,3.16851288692932309,3.72374655999755966,1.44047338272094727
2019-03-21T21:01Z,1.43652932952880974,1.43912975972900425,1.44910313792419476,3.16851288692932309,3.72374655999755966,1.43698547387695363
2019-03-21T21:31Z,1.43652932952880974,1.43912975972900425,1.44910313792419476,3.16851288692932309,3.72374655999755966,1.43652932952880974
2019-03-21T22:01Z,1.43652932952880974,1.43912975972900425,1.44910313792419476,3.16851288692932309,3.72374655999755966,1.43824670614624139
2019-03-21T22:31Z,1.43652932952880974,1.43912975972900425,1.44910313792419476,3.16851288692932309,3.72374655999755966,1.43880776577758773
2019-03-21T23:01Z,1.43652932952880974,1.43912975972900425,1.44910313792419476,3.16851288692932309,3.72374655999755966,1.4388826907043466
2019-03-21T23:31Z,1.43652932952880974,1.43912975972900425,1.44910313792419476,3.16851288692932309,3.72374655999755966,1.44101384979248159
2019-03-22T00:01Z,1.43652932952880974,1.43912975972900425,1.44910313792419476,3.16851288692932309,3.72374655999755966,1.44272392999267574
2019-03-22T00:31Z,1.43652932952880974,1.43912975972900425,1.44910313792419476,3.16851288692932309,3.72374655999755966,1.44429976260376058
2019-03-22T01:01Z,1.43652932952880974,1.43912975972900425,1.44910313792419476,3.16851288692932309,3.72374655999755966,1.44461085110473775
2019-03-22T01:31Z,1.43652932952880974,1.43912975972900425,1.44910313792419476,3.16851288692932309,3.72374655999755966,1.44502525039672847
2019-03-22T02:01Z,1.43652932952880974,1.43912975972900425,1.44910313792419476,3.16851288692932309,3.72374655999755966,1.44668473315429758
2019-03-22T02:31Z,1.43652932952880974,1.43912975972900425,1.44910313792419476,3.16851288692932309,3.72374655999755966,1.74819356912231427
2019-03-22T03:01Z,1.43652932952880974,1.43912975972900425,1.44910313792419476,3.16851288692932309,3.72374655999755966,2.33576259634399541
2019-03-22T03:31Z,1.43652932952880974,1.43912975972900425,1.44910313792419476,3.16851288692932309,3.72374655999755966,2.84528814959716847
2019-03-22T04:01Z,1.44028752957153472,1.44178127395324718,1.46719474858093335,3.4098403331146252,3.77030005224609432,3.16990338876342825
2019-03-22T04:31Z,1.44028752957153472,1.44178127395324718,1.46719474858093335,3.4098403331146252,3.77030005224609432,3.39666472784423945
2019-03-22T05:01Z,1.44028752957153472,1.44178127395324718,1.46719474858093335,3.4098403331146252,3.77030005224609432,3.44058341207885832
2019-03-22T05:31Z,1.44028752957153472,1.44178127395324718,1.46719474858093335,3.4098403331146252,3.77030005224609432,3.26154527081298973
2019-03-22T06:01Z,1.44028752957153472,1.44178127395324718,1.46719474858093335,3.4098403331146252,3.77030005224609432,2.90459123471069347
2019-03-22T06:31Z,1.44028752957153472,1.44178127395324718,1.46719474858093335,3.4098403331146252,3.77030005224609432,2.42612121023559624
2019-03-22T07:01Z,1.44028752957153472,1.44178127395324718,1.46719474858093335,3.4098403331146252,3.77030005224609432,1.91464216531372067
2019-03-22T07:31Z,1.44028752957153472,1.44178127395324718,1.46719474858093335,3.4098403331146252,3.77030005224609432,1.54597247958374062
2019-03-22T08:01Z,1.44028752957153472,1.44178127395324718,1.46719474858093335,3.4098403331146252,3.77030005224609432,1.46090976809692386
2019-03-22T08:31Z,1.44028752957153472,1.44178127395324718,1.46719474858093335,3.4098403331146252,3.77030005224609432,1.44679950189209094
2019-03-22T09:01Z,1.44028752957153472,1.44178127395324718,1.46719474858093335,3.4098403331146252,3.77030005224609432,1.4434326571350109
2019-03-22T09:31Z,1.44028752957153472,1.44178127395324718,1.46719474858093335,3.4098403331146252,3.77030005224609432,1.4430514377136241
2019-03-22T10:01Z,1.44028752957153472,1.44178127395324718,1.46719474858093335,3.4098403331146252,3.77030005224609432,1.44187842538452138
2019-03-22T10:31Z,1.44028752957153472,1.44178127395324718,1.46719474858093335,3.4098403331146252,3.77030005224609432,1.44155458728027419
2019-03-22T11:01Z,1.44028752957153472,1.44178127395324718,1.46719474858093335,3.4098403331146252,3.77030005224609432,1.44146730535888778
2019-03-22T11:31Z,1.44028752957153472,1.44178127395324718,1.46719474858093335,3.4098403331146252,3.77030005224609432,1.44204373580932632
2019-03-22T12:01Z,1.44028752957153472,1.44178127395324718,1.46719474858093335,3.4098403331146252,3.77030005224609432,1.4407230051879889
2019-03-22T12:31Z,1.44028752957153472,1.44178127395324718,1.46719474858093335,3.4098403331146252,3.77030005224609432,1.44028752957153472
2019-03-22T13:01Z,1.44028752957153472,1.44178127395324718,1.46719474858093335,3.4098403331146252,3.77030005224609432,1.44126589770507962
2019-03-22T13:31Z,1.44028752957153472,1.44178127395324718,1.46719474858093335,3.4098403331146252,3.77030005224609432,1.44283319256591902
2019-03-22T14:01Z,1.44028752957153472,1.44178127395324718,1.46719474858093335,3.4098403331146252,3.77030005224609432,1.44333423541259798
2019-03-22T14:31Z,1.44028752957153472,1.44178127395324718,1.46719474858093335,3.4098403331146252,3.77030005224609432,1.45281621389770521
2019-03-22T15:01Z,1.44028752957153472,1.44178127395324718,1.46719474858093335,3.4098403331146252,3.77030005224609432,2.0919777494506846
2019-03-22T15:31Z,1.44028752957153472,1.44178127395324718,1.46719474858093335,3.4098403331146252,3.77030005224609432,2.69733704284668008
2019-03-22T16:01Z,1.44028752957153472,1.44178127395324718,1.46719474858093335,3.4098403331146252,3.77030005224609432,3.18758033004760755
2019-03-22T16:31Z,1.44028752957153472,1.44178127395324718,1.46719474858093335,3.4098403331146252,3.77030005224609432,3.53889798605346684
2019-03-22T17:01Z,1.44028752957153472,1.44178127395324718,1.46719474858093335,3.4098403331146252,3.77030005224609432,3.73169868981933739
2019-03-22T17:31Z,1.44028752957153472,1.44178127395324718,1.46719474858093335,3.4098403331146252,3.77030005224609432,3.77030005224609432
2019-03-22T18:01Z,1.44028752957153472,1.44178127395324718,1.46719474858093335,3.4098403331146252,3.77030005224609432,3.58436716552734502
2019-03-22T18:31Z,1.44028752957153472,1.44178127395324718,1.46719474858093335,3.4098403331146252,3.77030005224609432,3.28301734609985374
2019-03-22T19:01Z,1.44028752957153472,1.44178127395324718,1.46719474858093335,3.4098403331146252,3.77030005224609432,2.8637201825256362
2019-03-22T19:31Z,1.44028752957153472,1.44178127395324718,1.46719474858093335,3.4098403331146252,3.77030005224609432,2.30665938836670037
2019-03-22T20:01Z,1.44028752957153472,1.44178127395324718,1.46719474858093335,3.4098403331146252,3.77030005224609432,1.79848464825439436
2019-03-22T20:31Z,1.44028752957153472,1.44178127395324718,1.46719474858093335,3.4098403331146252,3.77030005224609432,1.51522947692871135
2019-03-22T21:01Z,1.44028752957153472,1.44178127395324718,1.46719474858093335,3.4098403331146252,3.77030005224609432,1.46892680902099748
2019-03-22T21:31Z,1.44028752957153472,1.44178127395324718,1.46719474858093335,3.4098403331146252,3.77030005224609432,1.46465551196289212
2019-03-22T22:01Z,1.44028752957153472,1.44178127395324718,1.46719474858093335,3.4098403331146252,3.77030005224609432,1.46409693286132914
2019-03-22T22:31Z,1.44028752957153472,1.44178127395324718,1.46719474858093335,3.4098403331146252,3.77030005224609432,1.46515459237670953
2019-03-22T23:01Z,1.44028752957153472,1.44178127395324718,1.46719474858093335,3.4098403331146252,3.77030005224609432,1.46546268814086922
2019-03-22T23:31Z,1.44028752957153472,1.44178127395324718,1.46719474858093335,3.4098403331146252,3.77030005224609432,1.4631263580322269
2019-03-23T00:01Z,1.44028752957153472,1.44178127395324718,1.46719474858093335,3.4098403331146252,3.77030005224609432,1.4605606212463389
2019-03-23T00:31Z,1.44028752957153472,1.44178127395324718,1.46719474858093335,3.4098403331146252,3.77030005224609432,1.45832759469604589
2019-03-23T01:01Z,1.44028752957153472,1.44178127395324718,1.46719474858093335,3.4098403331146252,3.77030005224609432,1.45757320916748156
2019-03-23T01:31Z,1.44028752957153472,1.44178127395324718,1.46719474858093335,3.4098403331146252,3.77030005224609432,1.45744095178222643
2019-03-23T02:01Z,1.44028752957153472,1.44178127395324718,1.46719474858093335,3.4098403331146252,3.77030005224609432,1.45768441210937638
2019-03-23T02:31Z,1.44028752957153472,1.44178127395324718,1.46719474858093335,3.4098403331146252,3.77030005224609432,1.52476109951782313
2019-03-23T03:01Z,1.44028752957153472,1.44178127395324718,1.46719474858093335,3.4098403331146252,3.77030005224609432,2.32497440917968845
2019-03-23T03:31Z,1.44028752957153472,1.44178127395324718,1.46719474858093335,3.4098403331146252,3.77030005224609432,2.97044755169677721
2019-03-23T04:01Z,1.42651228424072407,1.43169163536682253,1.45181547630310082,3.63092095343933252,4.26589990356445448,3.54437780780029321
2019-03-23T04:31Z,1.42651228424072407,1.43169163536682253,1.45181547630310082,3.63092095343933252,4.26589990356445448,3.90989722378540172
2019-03-23T05:01Z,1.42651228424072407,1.43169163536682253,1.45181547630310082,3.63092095343933252,4.26589990356445448,4.16004258770752067
2019-03-23T05:31Z,1.42651228424072407,1.43169163536682253,1.45181547630310082,3.63092095343933252,4.26589990356445448,4.26589990356445448
2019-03-23T06:01Z,1.42651228424072407,1.43169163536682253,1.45181547630310082,3.63092095343933252,4.26589990356445448,4.14259382907104623
2019-03-23T06:31Z,1.42651228424072407,1.43169163536682253,1.45181547630310082,3.63092095343933252,4.26589990356445448,3.83285495993042069
2019-03-23T07:01Z,1.42651228424072407,1.43169163536682253,1.45181547630310082,3.63092095343933252,4.26589990356445448,3.37230093368530426
2019-03-23T07:31Z,1.42651228424072407,1.43169163536682253,1.45181547630310082,3.63092095343933252,4.26589990356445448,2.80283902273559704
2019-03-23T08:01Z,1.42651228424072407,1.43169163536682253,1.45181547630310082,3.63092095343933252,4.26589990356445448,2.19034187393188517
2019-03-23T08:31Z,1.42651228424072407,1.43169163536682253,1.45181547630310082,3.63092095343933252,4.26589990356445448,1.66534194699096716
2019-03-23T09:01Z,1.42651228424072407,1.43169163536682253,1.45181547630310082,3.63092095343933252,4.26589990356445448,1.48173027221679732
2019-03-23T09:31Z,1.42651228424072407,1.43169163536682253,1.45181547630310082,3.63092095343933252,4.26589990356445448,1.4539862670288084
2019-03-23T10:01Z,1.42651228424072407,1.43169163536682253,1.45181547630310082,3.63092095343933252,4.26589990356445448,1.44812012298584136
2019-03-23T10:31Z,1.42651228424072407,1.43169163536682253,1.45181547630310082,3.63092095343933252,4.26589990356445448,1.44888310168457046
2019-03-23T11:01Z,1.42651228424072407,1.43169163536682253,1.45181547630310082,3.63092095343933252,4.26589990356445448,1.44964468557739323
2019-03-23T11:31Z,1.42651228424072407,1.43169163536682253,1.45181547630310082,3.63092095343933252,4.26589990356445448,1.44458478591919004
2019-03-23T12:01Z,1.42651228424072407,1.43169163536682253,1.45181547630310082,3.63092095343933252,4.26589990356445448,1.44596125106811613
2019-03-23T12:31Z,1.42651228424072407,1.43169163536682253,1.45181547630310082,3.63092095343933252,4.26589990356445448,1.44774911621093771
2019-03-23T13:01Z,1.42651228424072407,1.43169163536682253,1.45181547630310082,3.63092095343933252,4.26589990356445448,1.44834480017089895
2019-03-23T13:31Z,1.42651228424072407,1.43169163536682253,1.45181547630310082,3.63092095343933252,4.26589990356445448,1.44565201348877004
2019-03-23T14:01Z,1.42651228424072407,1.43169163536682253,1.45181547630310082,3.63092095343933252,4.26589990356445448,1.44457051681518678
2019-03-23T14:31Z,1.42651228424072407,1.43169163536682253,1.45181547630310082,3.63092095343933252,4.26589990356445448,1.4456434490966803
2019-03-23T15:01Z,1.42651228424072407,1.43169163536682253,1.45181547630310082,3.63092095343933252,4.26589990356445448,1.44507926989746238
2019-03-23T15:31Z,1.42651228424072407,1.43169163536682253,1.45181547630310082,3.63092095343933252,4.26589990356445448,1.46527097152710084
2019-03-23T16:01Z,1.42651228424072407,1.43169163536682253,1.45181547630310082,3.63092095343933252,4.26589990356445448,2.03376062664795043
2019-03-23T16:31Z,1.42651228424072407,1.43169163536682253,1.45181547630310082,3.63092095343933252,4.26589990356445448,2.55647976919555653
2019-03-23T17:01Z,1.42651228424072407,1.43169163536682253,1.45181547630310082,3.63092095343933252,4.26589990356445448,2.85696972640991298
2019-03-23T17:31Z,1.42651228424072407,1.43169163536682253,1.45181547630310082,3.63092095343933252,4.26589990356445448,3.13689331533813487
2019-03-23T18:01Z,1.42651228424072407,1.43169163536682253,1.45181547630310082,3.63092095343933252,4.26589990356445448,3.28417388525390663
2019-03-23T18:31Z,1.42651228424072407,1.43169163536682253,1.45181547630310082,3.63092095343933252,4.26589990356445448,3.17275446975708064
2019-03-23T19:01Z,1.42651228424072407,1.43169163536682253,1.45181547630310082,3.63092095343933252,4.26589990356445448,2.89844003842163112
2019-03-23T19:31Z,1.42651228424072407,1.43169163536682253,1.45181547630310082,3.63092095343933252,4.26589990356445448,2.48812514953613295
2019-03-23T20:01Z,1.42651228424072407,1.43169163536682253,1.45181547630310082,3.63092095343933252,4.26589990356445448,2.03021658670044047
2019-03-23T20:31Z,1.42651228424072407,1.43169163536682253,1.45181547630310082,3.63092095343933252,4.26589990356445448,1.6079603414916992
2019-03-23T21:01Z,1.42651228424072407,1.43169163536682253,1.45181547630310082,3.63092095343933252,4.26589990356445448,1.46659328955078117
2019-03-23T21:31Z,1.42651228424072407,1.43169163536682253,1.45181547630310082,3.63092095343933252,4.26589990356445448,1.44402206253051801
2019-03-23T22:01Z,1.42651228424072407,1.43169163536682253,1.45181547630310082,3.63092095343933252,4.26589990356445448,1.43860620974731468
2019-03-23T22:31Z,1.42651228424072407,1.43169163536682253,1.45181547630310082,3.63092095343933252,4.26589990356445448,1.43704552374267713
2019-03-23T23:01Z,1.42651228424072407,1.43169163536682253,1.45181547630310082,3.63092095343933252,4.26589990356445448,1.43596113238525547
2019-03-23T23:31Z,1.42651228424072407,1.43169163536682253,1.45181547630310082,3.63092095343933252,4.26589990356445448,1.43434311358642574
2019-03-24T00:01Z,1.42651228424072407,1.43169163536682253,1.45181547630310082,3.63092095343933252,4.26589990356445448,1.43367996228027472
2019-03-24T00:31Z,1.42651228424072407,1.43169163536682253,1.45181547630310082,3.63092095343933252,4.26589990356445448,1.43337421432495127
2019-03-24T01:01Z,1.42651228424072407,1.43169163536682253,1.45181547630310082,3.63092095343933252,4.26589990356445448,1.43188037884521613
2019-03-24T01:31Z,1.42651228424072407,1.43169163536682253,1.45181547630310082,3.63092095343933252,4.26589990356445448,1.4302649182128917
2019-03-24T02:01Z,1.42651228424072407,1.43169163536682253,1.45181547630310082,3.63092095343933252,4.26589990356445448,1.42838217428588976
2019-03-24T02:31Z,1.42651228424072407,1.43169163536682253,1.45181547630310082,3.63092095343933252,4.26589990356445448,1.42716240597534316
2019-03-24T03:01Z,1.42651228424072407,1.43169163536682253,1.45181547630310082,3.63092095343933252,4.26589990356445448,1.42651228424072407
2019-03-24T03:31Z,1.42651228424072407,1.43169163536682253,1.45181547630310082,3.63092095343933252,4.26589990356445448,1.43125123391723719
2019-03-24T04:01Z,1.3959006249084478,1.40143244911804321,1.4201652557067872,2.86845425303039647,3.39795746520996111,1.94790644168090843
2019-03-24T04:31Z,1.3959006249084478,1.40143244911804321,1.4201652557067872,2.86845425303039647,3.39795746520996111,2.51071396981811645
2019-03-24T05:01Z,1.3959006249084478,1.40143244911804321,1.4201652557067872,2.86845425303039647,3.39795746520996111,2.97616358715820439
2019-03-24T05:31Z,1.3959006249084478,1.40143244911804321,1.4201652557067872,2.86845425303039647,3.39795746520996111,3.25088506561279367
2019-03-24T06:01Z,1.3959006249084478,1.40143244911804321,1.4201652557067872,2.86845425303039647,3.39795746520996111,3.3960181664733895
2019-03-24T06:31Z,1.3959006249084478,1.40143244911804321,1.4201652557067872,2.86845425303039647,3.39795746520996111,3.39795746520996111
2019-03-24T07:01Z,1.3959006249084478,1.40143244911804321,1.4201652557067872,2.86845425303039647,3.39795746520996111,3.20021160354614409
2019-03-24T07:31Z,1.3959006249084478,1.40143244911804321,1.4201652557067872,2.86845425303039647,3.39795746520996111,2.82229310983276349
2019-03-24T08:01Z,1.3959006249084478,1.40143244911804321,1.4201652557067872,2.86845425303039647,3.39795746520996111,2.36578593569946349
2019-03-24T08:31Z,1.3959006249084478,1.40143244911804321,1.4201652557067872,2.86845425303039647,3.39795746520996111,1.87599489596557767
2019-03-24T09:01Z,1.3959006249084478,1.40143244911804321,1.4201652557067872,2.86845425303039647,3.39795746520996111,1.51931404476928833
2019-03-24T09:31Z,1.3959006249084478,1.40143244911804321,1.4201652557067872,2.86845425303039647,3.39795746520996111,1.43684509210205213
2019-03-24T10:01Z,1.3959006249084478,1.40143244911804321,1.4201652557067872,2.86845425303039647,3.39795746520996111,1.42220527136230501
2019-03-24T10:31Z,1.3959006249084478,1.40143244911804321,1.4201652557067872,2.86845425303039647,3.39795746520996111,1.41773460717773503
2019-03-24T11:01Z,1.3959006249084478,1.40143244911804321,1.4201652557067872,2.86845425303039647,3.39795746520996111,1.41482774822998181
2019-03-24T11:31Z,1.3959006249084478,1.40143244911804321,1.4201652557067872,2.86845425303039647,3.39795746520996111,1.41700204718017631
2019-03-24T12:01Z,1.3959006249084478,1.40143244911804321,1.4201652557067872,2.86845425303039647,3.39795746520996111,1.41768073046875109
2019-03-24T12:31Z,1.3959006249084478,1.40143244911804321,1.4201652557067872,2.86845425303039647,3.39795746520996111,1.41576798165893614
2019-03-24T13:01Z,1.3959006249084478,1.40143244911804321,1.4201652557067872,2.86845425303039647,3.39795746520996111,1.41611508929443453
2019-03-24T13:31Z,1.3959006249084478,1.40143244911804321,1.4201652557067872,2.86845425303039647,3.39795746520996111,1.41452723654174939
2019-03-24T14:01Z,1.3959006249084478,1.40143244911804321,1.4201652557067872,2.86845425303039647,3.39795746520996111,1.41598778674316428
2019-03-24T14:31Z,1.3959006249084478,1.40143244911804321,1.4201652557067872,2.86845425303039647,3.39795746520996111,1.41656277386474727
2019-03-24T15:01Z,1.3959006249084478,1.40143244911804321,1.4201652557067872,2.86845425303039647,3.39795746520996111,1.41812524005126939
2019-03-24T15:31Z,1.3959006249084478,1.40143244911804321,1.4201652557067872,2.86845425303039647,3.39795746520996111,1.41461184036255005
2019-03-24T16:01Z,1.3959006249084478,1.40143244911804321,1.4201652557067872,2.86845425303039647,3.39795746520996111,1.41285088275146542
2019-03-24T16:31Z,1.3959006249084478,1.40143244911804321,1.4201652557067872,2.86845425303039647,3.39795746520996111,1.4234563133239746
2019-03-24T17:01Z,1.3959006249084478,1.40143244911804321,1.4201652557067872,2.86845425303039647,3.39795746520996111,1.83393457241821345
2019-03-24T17:31Z,1.3959006249084478,1.40143244911804321,1.4201652557067872,2.86845425303039647,3.39795746520996111,2.27242078384399449
2019-03-24T18:01Z,1.3959006249084478,1.40143244911804321,1.4201652557067872,2.86845425303039647,3.39795746520996111,2.51307596871948391
2019-03-24T18:31Z,1.3959006249084478,1.40143244911804321,1.4201652557067872,2.86845425303039647,3.39795746520996111,2.66339686718750102
2019-03-24T19:01Z,1.3959006249084478,1.40143244911804321,1.4201652557067872,2.86845425303039647,3.39795746520996111,2.68203595687866247
2019-03-24T19:31Z,1.3959006249084478,1.40143244911804321,1.4201652557067872,2.86845425303039647,3.39795746520996111,2.51659994522094799
2019-03-24T20:01Z,1.3959006249084478,1.40143244911804321,1.4201652557067872,2.86845425303039647,3.39795746520996111,2.20349200967407377
2019-03-24T20:31Z,1.3959006249084478,1.40143244911804321,1.4201652557067872,2.86845425303039647,3.39795746520996111,1.81789759704589926
2019-03-24T21:01Z,1.3959006249084478,1.40143244911804321,1.4201652557067872,2.86845425303039647,3.39795746520996111,1.53366415597534278
2019-03-24T21:31Z,1.3959006249084478,1.40143244911804321,1.4201652557067872,2.86845425303039647,3.39795746520996111,1.43565021459960995
2019-03-24T22:01Z,1.3959006249084478,1.40143244911804321,1.4201652557067872,2.86845425303039647,3.39795746520996111,1.41402639749145642
2019-03-24T22:31Z,1.3959006249084478,1.40143244911804321,1.4201652557067872,2.86845425303039647,3.39795746520996111,1.40768284396362375
2019-03-24T23:01Z,1.3959006249084478,1.40143244911804321,1.4201652557067872,2.86845425303039647,3.39795746520996111,1.40501983761596705
2019-03-24T23:31Z,1.3959006249084478,1.40143244911804321,1.4201652557067872,2.86845425303039647,3.39795746520996111,1.40498688919067405
2019-03-25T00:01Z,1.3959006249084478,1.40143244911804321,1.4201652557067872,2.86845425303039647,3.39795746520996111,1.40414673580932714
2019-03-25T00:31Z,1.3959006249084478,1.40143244911804321,1.4201652557067872,2.86845425303039647,3.39795746520996111,1.40242401864624178
2019-03-25T01:01Z,1.3959006249084478,1.40143244911804321,1.4201652557067872,2.86845425303039647,3.39795746520996111,1.40167592666626106
2019-03-25T01:31Z,1.3959006249084478,1.40143244911804321,1.4201652557067872,2.86845425303039647,3.39795746520996111,1.40086433483886807
2019-03-25T02:01Z,1.3959006249084478,1.40143244911804321,1.4201652557067872,2.86845425303039647,3.39795746520996111,1.39971743130493209
2019-03-25T02:31Z,1.3959006249084478,1.40143244911804321,1.4201652557067872,2.86845425303039647,3.39795746520996111,1.39886742333984415
2019-03-25T03:01Z,1.3959006249084478,1.40143244911804321,1.4201652557067872,2.86845425303039647,3.39795746520996111,1.39755337231445331
2019-03-25T03:31Z,1.3959006249084478,1.40143244911804321,1.4201652557067872,2.86845425303039647,3.39795746520996111,1.3959006249084478
2019-03-25T04:01Z,1.36092960336303825,1.36871583054504464,1.40091673728942911,2.78754130093078789,3.31581336352539147,1.39607055477905284
2019-03-25T04:31Z,1.36092960336303825,1.36871583054504464,1.40091673728942911,2.78754130093078789,3.31581336352539147,1.69614149325561669
2019-03-25T05:01Z,1.36092960336303825,1.36871583054504464,1.40091673728942911,2.78754130093078789,3.31581336352539147,2.25232359173584129
2019-03-25T05:31Z,1.36092960336303825,1.36871583054504464,1.40091673728942911,2.78754130093078789,3.31581336352539147,2.7149296402893075
2019-03-25T06:01Z,1.36092960336303825,1.36871583054504464,1.40091673728942911,2.78754130093078789,3.31581336352539147,3.0131929209289563
2019-03-25T06:31Z,1.36092960336303825,1.36871583054504464,1.40091673728942911,2.78754130093078789,3.31581336352539147,3.25049640042114341
2019-03-25T07:01Z,1.36092960336303825,1.36871583054504464,1.40091673728942911,2.78754130093078789,3.31581336352539147,3.31581336352539147
2019-03-25T07:31Z,1.36092960336303825,1.36871583054504464,1.40091673728942911,2.78754130093078789,3.31581336352539147,3.20832391979980613
2019-03-25T08:01Z,1.36092960336303825,1.36871583054504464,1.40091673728942911,2.78754130093078789,3.31581336352539147,2.95696850909423858
2019-03-25T08:31Z,1.36092960336303825,1.36871583054504464,1.40091673728942911,2.78754130093078789,3.31581336352539147,2.56069224075317514
2019-03-25T09:01Z,1.36092960336303825,1.36871583054504464,1.40091673728942911,2.78754130093078789,3.31581336352539147,2.08743050103759842
2019-03-25T09:31Z,1.36092960336303825,1.36871583054504464,1.40091673728942911,2.78754130093078789,3.31581336352539147,1.66111135986328229
2019-03-25T10:01Z,1.36092960336303825,1.36871583054504464,1.40091673728942911,2.78754130093078789,3.31581336352539147,1.44360950985717906
2019-03-25T10:31Z,1.36092960336303825,1.36871583054504464,1.40091673728942911,2.78754130093078789,3.31581336352539147,1.39182359176635728
2019-03-25T11:01Z,1.36092960336303825,1.36871583054504464,1.40091673728942911,2.78754130093078789,3.31581336352539147,1.38189099139404448
2019-03-25T11:31Z,1.36092960336303825,1.36871583054504464,1.40091673728942911,2.78754130093078789,3.31581336352539147,1.37831313818359469
2019-03-25T12:01Z,1.36092960336303825,1.36871583054504464,1.40091673728942911,2.78754130093078789,3.31581336352539147,1.37738587857055705
2019-03-25T12:31Z,1.36092960336303825,1.36871583054504464,1.40091673728942911,2.78754130093078789,3.31581336352539147,1.37582563369751121
2019-03-25T13:01Z,1.36092960336303825,1.36871583054504464,1.40091673728942911,2.78754130093078789,3.31581336352539147,1.37067690304565559
2019-03-25T13:31Z,1.36092960336303825,1.36871583054504464,1.40091673728942911,2.78754130093078789,3.31581336352539147,1.36862956979370232
2019-03-25T14:01Z,1.36092960336303825,1.36871583054504464,1.40091673728942911,2.78754130093078789,3.31581336352539147,1.36875279943847694
2019-03-25T14:31Z,1.36092960336303825,1.36871583054504464,1.40091673728942911,2.78754130093078789,3.31581336352539147,1.36539609036254994
2019-03-25T15:01Z,1.36092960336303825,1.36871583054504464,1.40091673728942911,2.78754130093078789,3.31581336352539147,1.36092960336303825
2019-03-25T15:31Z,1.36092960336303825,1.36871583054504464,1.40091673728942911,2.78754130093078789,3.31581336352539147,1.36503734796142595
2019-03-25T16:01Z,1.36092960336303825,1.36871583054504464,1.40091673728942911,2.78754130093078789,3.31581336352539147,1.36714007266235349
2019-03-25T16:31Z,1.36092960336303825,1.36871583054504464,1.40091673728942911,2.78754130093078789,3.31581336352539147,1.37058210778808665
2019-03-25T17:01Z,1.36092960336303825,1.36871583054504464,1.40091673728942911,2.78754130093078789,3.31581336352539147,1.37540199664306684
2019-03-25T17:31Z,1.36092960336303825,1.36871583054504464,1.40091673728942911,2.78754130093078789,3.31581336352539147,1.40505240066528359
2019-03-25T18:01Z,1.36092960336303825,1.36871583054504464,1.40091673728942911,2.78754130093078789,3.31581336352539147,1.74209269985962045
2019-03-25T18:31Z,1.36092960336303825,1.36871583054504464,1.40091673728942911,2.78754130093078789,3.31581336352539147,2.01359011233520491
2019-03-25T19:01Z,1.36092960336303825,1.36871583054504464,1.40091673728942911,2.78754130093078789,3.31581336352539147,2.17266693420410206
2019-03-25T19:31Z,1.36092960336303825,1.36871583054504464,1.40091673728942911,2.78754130093078789,3.31581336352539147,2.23962234750366207
2019-03-25T20:01Z,1.36092960336303825,1.36871583054504464,1.40091673728942911,2.78754130093078789,3.31581336352539147,2.13855566482543935
2019-03-25T20:31Z,1.36092960336303825,1.36871583054504464,1.40091673728942911,2.78754130093078789,3.31581336352539147,2.01345552902221669
2019-03-25T21:01Z,1.36092960336303825,1.36871583054504464,1.40091673728942911,2.78754130093078789,3.31581336352539147,1.73477874798584075
2019-03-25T21:31Z,1.36092960336303825,1.36871583054504464,1.40091673728942911,2.78754130093078789,3.31581336352539147,1.51077087216186534
2019-03-25T22:01Z,1.36092960336303825,1.36871583054504464,1.40091673728942911,2.78754130093078789,3.31581336352539147,1.42769638095092866
2019-03-25T22:31Z,1.36092960336303825,1.36871583054504464,1.40091673728942911,2.78754130093078789,3.31581336352539147,1.40715695520019679
2019-03-25T23:01Z,1.36092960336303825,1.36871583054504464,1.40091673728942911,2.78754130093078789,3.31581336352539147,1.40143057498169021
2019-03-25T23:31Z,1.36092960336303825,1.36871583054504464,1.40091673728942911,2.78754130093078789,3.31581336352539147,1.40040289959716802
2019-03-26T00:01Z,1.36092960336303825,1.36871583054504464,1.40091673728942911,2.78754130093078789,3.31581336352539147,1.3980434198913585
2019-03-26T00:31Z,1.36092960336303825,1.36871583054504464,1.40091673728942911,2.78754130093078789,3.31581336352539147,1.39533861273193516
2019-03-26T01:01Z,1.36092960336303825,1.36871583054504464,1.40091673728942911,2.78754130093078789,3.31581336352539147,1.39351676196289098
2019-03-26T01:31Z,1.36092960336303825,1.36871583054504464,1.40091673728942911,2.78754130093078789,3.31581336352539147,1.38994202798462041
2019-03-26T02:01Z,1.36092960336303825,1.36871583054504464,1.40091673728942911,2.78754130093078789,3.31581336352539147,1.38665155261230488
2019-03-26T02:31Z,1.36092960336303825,1.36871583054504464,1.40091673728942911,2.78754130093078789,3.31581336352539147,1.38325916125488391
2019-03-26T03:01Z,1.36092960336303825,1.36871583054504464,1.40091673728942911,2.78754130093078789,3.31581336352539147,1.37883124432373094
2019-03-26T03:31Z,1.36092960336303825,1.36871583054504464,1.40091673728942911,2.78754130093078789,3.31581336352539147,1.37398008294677787
2019-03-26T04:01Z,1.35443360397338886,1.35818345635070914,1.38368230789184565,2.29437714243774415,2.68612607992553798,1.37020056332397466
2019-03-26T04:31Z,1.35443360397338886,1.35818345635070914,1.38368230789184565,2.29437714243774415,2.68612607992553798,1.3679412194213878
2019-03-26T05:01Z,1.35443360397338886,1.35818345635070914,1.38368230789184565,2.29437714243774415,2.68612607992553798,1.36635292553710919
2019-03-26T05:31Z,1.35443360397338886,1.35818345635070914,1.38368230789184565,2.29437714243774415,2.68612607992553798,1.45141919738769687
2019-03-26T06:01Z,1.35443360397338886,1.35818345635070914,1.38368230789184565,2.29437714243774415,2.68612607992553798,1.98180076660156246
2019-03-26T06:31Z,1.35443360397338886,1.35818345635070914,1.38368230789184565,2.29437714243774415,2.68612607992553798,2.28685272717285137
2019-03-26T07:01Z,1.35443360397338886,1.35818345635070914,1.38368230789184565,2.29437714243774415,2.68612607992553798,2.52947626199340903
2019-03-26T07:31Z,1.35443360397338886,1.35818345635070914,1.38368230789184565,2.29437714243774415,2.68612607992553798,2.67108081655883822
2019-03-26T08:01Z,1.35443360397338886,1.35818345635070914,1.38368230789184565,2.29437714243774415,2.68612607992553798,2.68612607992553798
2019-03-26T08:31Z,1.35443360397338886,1.35818345635070914,1.38368230789184565,2.29437714243774415,2.68612607992553798,2.5574276037597663
2019-03-26T09:01Z,1.35443360397338886,1.35818345635070914,1.38368230789184565,2.29437714243774415,2.68612607992553798,2.31193411138916005
2019-03-26T09:31Z,1.35443360397338886,1.35818345635070914,1.38368230789184565,2.29437714243774415,2.68612607992553798,1.99062532070922948
2019-03-26T10:01Z,1.35443360397338886,1.35818345635070914,1.38368230789184565,2.29437714243774415,2.68612607992553798,1.64821375192260788
2019-03-26T10:31Z,1.35443360397338886,1.35818345635070914,1.38368230789184565,2.29437714243774415,2.68612607992553798,1.44189665795898492
2019-03-26T11:01Z,1.35443360397338886,1.35818345635070914,1.38368230789184565,2.29437714243774415,2.68612607992553798,1.38622040335083163
2019-03-26T11:31Z,1.35443360397338886,1.35818345635070914,1.38368230789184565,2.29437714243774415,2.68612607992553798,1.37341528726196316
2019-03-26T12:01Z,1.35443360397338886,1.35818345635070914,1.38368230789184565,2.29437714243774415,2.68612607992553798,1.36987845687866283
2019-03-26T12:31Z,1.35443360397338886,1.35818345635070914,1.38368230789184565,2.29437714243774415,2.68612607992553798,1.36772547158813573
2019-03-26T13:01Z,1.35443360397338886,1.35818345635070914,1.38368230789184565,2.29437714243774415,2.68612607992553798,1.36324123129272579
2019-03-26T13:31Z,1.35443360397338886,1.35818345635070914,1.38368230789184565,2.29437714243774415,2.68612607992553798,1.36315139120483408
2019-03-26T14:01Z,1.35443360397338886,1.35818345635070914,1.38368230789184565,2.29437714243774415,2.68612607992553798,1.36074565240478584
2019-03-26T14:31Z,1.35443360397338886,1.35818345635070914,1.38368230789184565,2.29437714243774415,2.68612607992553798,1.35755175247192383
2019-03-26T15:01Z,1.35443360397338886,1.35818345635070914,1.38368230789184565,2.29437714243774415,2.68612607992553798,1.35597909484863344
2019-03-26T15:31Z,1.35443360397338886,1.35818345635070914,1.38368230789184565,2.29437714243774415,2.68612607992553798,1.35443360397338886
2019-03-26T16:01Z,1.35443360397338886,1.35818345635070914,1.38368230789184565,2.29437714243774415,2.68612607992553798,1.35658563558959955
2019-03-26T16:31Z,1.35443360397338886,1.35818345635070914,1.38368230789184565,2.29437714243774415,2.68612607992553798,1.35845418658447414
2019-03-26T17:01Z,1.35443360397338886,1.35818345635070914,1.38368230789184565,2.29437714243774415,2.68612607992553798,1.35558868731689586
2019-03-26T17:31Z,1.35443360397338886,1.35818345635070914,1.38368230789184565,2.29437714243774415,2.68612607992553798,1.36012592205810634
2019-03-26T18:01Z,1.35443360397338886,1.35818345635070914,1.38368230789184565,2.29437714243774415,2.68612607992553798,1.36534088641357521
2019-03-26T18:31Z,1.35443360397338886,1.35818345635070914,1.38368230789184565,2.29437714243774415,2.68612607992553798,1.38183818444824347
2019-03-26T19:01Z,1.35443360397338886,1.35818345635070914,1.38368230789184565,2.29437714243774415,2.68612607992553798,1.51703729013061661
2019-03-26T19:31Z,1.35443360397338886,1.35818345635070914,1.38368230789184565,2.29437714243774415,2.68612607992553798,1.73694131857299894
2019-03-26T20:01Z,1.35443360397338886,1.35818345635070914,1.38368230789184565,2.29437714243774415,2.68612607992553798,1.87399795730590846
2019-03-26T20:31Z,1.35443360397338886,1.35818345635070914,1.38368230789184565,2.29437714243774415,2.68612607992553798,1.91583256805419921
2019-03-26T21:01Z,1.35443360397338886,1.35818345635070914,1.38368230789184565,2.29437714243774415,2.68612607992553798,1.83316351947021516
2019-03-26T21:31Z,1.35443360397338886,1.35818345635070914,1.38368230789184565,2.29437714243774415,2.68612607992553798,1.67331762881469714
2019-03-26T22:01Z,1.35443360397338886,1.35818345635070914,1.38368230789184565,2.29437714243774415,2.68612607992553798,1.5113565521850596
2019-03-26T22:31Z,1.35443360397338886,1.35818345635070914,1.38368230789184565,2.29437714243774415,2.68612607992553798,1.42501741329956211
2019-03-26T23:01Z,1.35443360397338886,1.35818345635070914,1.38368230789184565,2.29437714243774415,2.68612607992553798,1.4004774994812017
2019-03-26T23:31Z,1.35443360397338886,1.35818345635070914,1.38368230789184565,2.29437714243774415,2.68612607992553798,1.39282696713256904
2019-03-27T00:01Z,1.35443360397338886,1.35818345635070914,1.38368230789184565,2.29437714243774415,2.68612607992553798,1.38895616409301859
2019-03-27T00:31Z,1.35443360397338886,1.35818345635070914,1.38368230789184565,2.29437714243774415,2.68612607992553798,1.38549931921386715
2019-03-27T01:01Z,1.35443360397338886,1.35818345635070914,1.38368230789184565,2.29437714243774415,2.68612607992553798,1.38186529656982415
2019-03-27T01:31Z,1.35443360397338886,1.35818345635070914,1.38368230789184565,2.29437714243774415,2.68612607992553798,1.3782038417358411
2019-03-27T02:01Z,1.35443360397338886,1.35818345635070914,1.38368230789184565,2.29437714243774415,2.68612607992553798,1.37454316488647521
2019-03-27T02:31Z,1.35443360397338886,1.35818345635070914,1.38368230789184565,2.29437714243774415,2.68612607992553798,1.36905968359375052
2019-03-27T03:01Z,1.35443360397338886,1.35818345635070914,1.38368230789184565,2.29437714243774415,2.68612607992553798,1.36493401000976711
2019-03-27T03:31Z,1.35443360397338886,1.35818345635070914,1.38368230789184565,2.29437714243774415,2.68612607992553798,1.36049546774292018
2019-03-27T04:01Z,1.33711241744995135,1.35079679093322813,1.3816679456024179,2.00777738596496658,2.37800457345581151,1.35526135528564495
2019-03-27T04:31Z,1.33711241744995135,1.35079679093322813,1.3816679456024179,2.00777738596496658,2.37800457345581151,1.34914506442260773
2019-03-27T05:01Z,1.33711241744995135,1.35079679093322813,1.3816679456024179,2.00777738596496658,2.37800457345581151,1.34389575683593776
2019-03-27T05:31Z,1.33711241744995135,1.35079679093322813,1.3816679456024179,2.00777738596496658,2.37800457345581151,1.33949194317627018
2019-03-27T06:01Z,1.33711241744995135,1.35079679093322813,1.3816679456024179,2.00777738596496658,2.37800457345581151,1.33711241744995135
2019-03-27T06:31Z,1.33711241744995135,1.35079679093322813,1.3816679456024179,2.00777738596496658,2.37800457345581151,1.45848742288208122
2019-03-27T07:01Z,1.33711241744995135,1.35079679093322813,1.3816679456024179,2.00777738596496658,2.37800457345581151,1.84708681863403434
2019-03-27T07:31Z,1.33711241744995135,1.35079679093322813,1.3816679456024179,2.00777738596496658,2.37800457345581151,2.10747773614501988
2019-03-27T08:01Z,1.33711241744995135,1.35079679093322813,1.3816679456024179,2.00777738596496658,2.37800457345581151,2.28438120648193355
2019-03-27T08:31Z,1.33711241744995135,1.35079679093322813,1.3816679456024179,2.00777738596496658,2.37800457345581151,2.37800457345581151
2019-03-27T09:01Z,1.33711241744995135,1.35079679093322813,1.3816679456024179,2.00777738596496658,2.37800457345581151,2.35574226937866271
2019-03-27T09:31Z,1.33711241744995135,1.35079679093322813,1.3816679456024179,2.00777738596496658,2.37800457345581151,2.20876778427124165
2019-03-27T10:01Z,1.33711241744995135,1.35079679093322813,1.3816679456024179,2.00777738596496658,2.37800457345581151,1.96504866445922843
2019-03-27T10:31Z,1.33711241744995135,1.35079679093322813,1.3816679456024179,2.00777738596496658,2.37800457345581151,1.65538299548339829
2019-03-27T11:01Z,1.33711241744995135,1.35079679093322813,1.3816679456024179,2.00777738596496658,2.37800457345581151,1.45200960610961971
2019-03-27T11:31Z,1.33711241744995135,1.35079679093322813,1.3816679456024179,2.00777738596496658,2.37800457345581151,1.36933354107666005
2019-03-27T12:01Z,1.33711241744995135,1.35079679093322813,1.3816679456024179,2.00777738596496658,2.37800457345581151,1.35072817779541055
2019-03-27T12:31Z,1.33711241744995135,1.35079679093322813,1.3816679456024179,2.00777738596496658,2.37800457345581151,1.35082619656372138
2019-03-27T13:01Z,1.33711241744995135,1.35079679093322813,1.3816679456024179,2.00777738596496658,2.37800457345581151,1.35288655938720837
2019-03-27T13:31Z,1.33711241744995135,1.35079679093322813,1.3816679456024179,2.00777738596496658,2.37800457345581151,1.35787826257324262
2019-03-27T14:01Z,1.33711241744995135,1.35079679093322813,1.3816679456024179,2.00777738596496658,2.37800457345581151,1.35747733398437553
2019-03-27T14:31Z,1.33711241744995135,1.35079679093322813,1.3816679456024179,2.00777738596496658,2.37800457345581151,1.35792780093383847
2019-03-27T15:01Z,1.33711241744995135,1.35079679093322813,1.3816679456024179,2.00777738596496658,2.37800457345581151,1.35831848956298984
2019-03-27T15:31Z,1.33711241744995135,1.35079679093322813,1.3816679456024179,2.00777738596496658,2.37800457345581151,1.35793665332031388
2019-03-27T16:01Z,1.33711241744995135,1.35079679093322813,1.3816679456024179,2.00777738596496658,2.37800457345581151,1.35882806948852597
2019-03-27T16:31Z,1.33711241744995135,1.35079679093322813,1.3816679456024179,2.00777738596496658,2.37800457345581151,1.35974075079345802
2019-03-27T17:01Z,1.33711241744995135,1.35079679093322813,1.3816679456024179,2.00777738596496658,2.37800457345581151,1.36072244818115351
2019-03-27T17:31Z,1.33711241744995135,1.35079679093322813,1.3816679456024179,2.00777738596496658,2.37800457345581151,1.36633661669922013
2019-03-27T18:01Z,1.33711241744995135,1.35079679093322813,1.3816679456024179,2.00777738596496658,2.37800457345581151,1.37525601458740354
2019-03-27T18:31Z,1.33711241744995135,1.35079679093322813,1.3816679456024179,2.00777738596496658,2.37800457345581151,1.38699927209472662
2019-03-27T19:01Z,1.33711241744995135,1.35079679093322813,1.3816679456024179,2.00777738596496658,2.37800457345581151,1.39574004888916114
2019-03-27T19:31Z,1.33711241744995135,1.35079679093322813,1.3816679456024179,2.00777738596496658,2.37800457345581151,1.40355885809326253
2019-03-27T20:01Z,1.33711241744995135,1.35079679093322813,1.3816679456024179,2.00777738596496658,2.37800457345581151,1.40698102288818383
2019-03-27T20:31Z,1.33711241744995135,1.35079679093322813,1.3816679456024179,2.00777738596496658,2.37800457345581151,1.4204157807922364
2019-03-27T21:01Z,1.33711241744995135,1.35079679093322813,1.3816679456024179,2.00777738596496658,2.37800457345581151,1.46672913012695361
2019-03-27T21:31Z,1.33711241744995135,1.35079679093322813,1.3816679456024179,2.00777738596496658,2.37800457345581151,1.5100885349121107
2019-03-27T22:01Z,1.33711241744995135,1.35079679093322813,1.3816679456024179,2.00777738596496658,2.37800457345581151,1.50413337728881835
2019-03-27T22:31Z,1.33711241744995135,1.35079679093322813,1.3816679456024179,2.00777738596496658,2.37800457345581151,1.46251227740478562
2019-03-27T23:01Z,1.33711241744995135,1.35079679093322813,1.3816679456024179,2.00777738596496658,2.37800457345581151,1.42226000317382884
2019-03-27T23:31Z,1.33711241744995135,1.35079679093322813,1.3816679456024179,2.00777738596496658,2.37800457345581151,1.40011558819580095
2019-03-28T00:01Z,1.33711241744995135,1.35079679093322813,1.3816679456024179,2.00777738596496658,2.37800457345581151,1.3922411778564463
2019-03-28T00:31Z,1.33711241744995135,1.35079679093322813,1.3816679456024179,2.00777738596496658,2.37800457345581151,1.38853168374633817
2019-03-28T01:01Z,1.33711241744995135,1.35079679093322813,1.3816679456024179,2.00777738596496658,2.37800457345581151,1.383737181457521
2019-03-28T01:31Z,1.33711241744995135,1.35079679093322813,1.3816679456024179,2.00777738596496658,2.37800457345581151,1.3795987097473148
2019-03-28T02:01Z,1.33711241744995135,1.35079679093322813,1.3816679456024179,2.00777738596496658,2.37800457345581151,1.37479752786254927
2019-03-28T02:31Z,1.33711241744995135,1.35079679093322813,1.3816679456024179,2.00777738596496658,2.37800457345581151,1.3717345951232911
2019-03-28T03:01Z,1.33711241744995135,1.35079679093322813,1.3816679456024179,2.00777738596496658,2.37800457345581151,1.36753861492920059
2019-03-28T03:31Z,1.33711241744995135,1.35079679093322813,1.3816679456024179,2.00777738596496658,2.37800457345581151,1.36476623501586936
2019-03-28T04:01Z,1.35535173010253907,1.35803404039611864,1.37436813914489875,1.80252711419067491,2.09792895617675867,1.36201790261840827
2019-03-28T04:31Z,1.35535173010253907,1.35803404039611864,1.37436813914489875,1.80252711419067491,2.09792895617675867,1.360504974792482
2019-03-28T05:01Z,1.35535173010253907,1.35803404039611864,1.37436813914489875,1.80252711419067491,2.09792895617675867,1.35756738873291027
2019-03-28T05:31Z,1.35535173010253907,1.35803404039611864,1.37436813914489875,1.80252711419067491,2.09792895617675867,1.35630855346679802
2019-03-28T06:01Z,1.35535173010253907,1.35803404039611864,1.37436813914489875,1.80252711419067491,2.09792895617675867,1.35635747500610471
2019-03-28T06:31Z,1.35535173010253907,1.35803404039611864,1.37436813914489875,1.80252711419067491,2.09792895617675867,1.35535173010253907
2019-03-28T07:01Z,1.35535173010253907,1.35803404039611864,1.37436813914489875,1.80252711419067491,2.09792895617675867,1.3559307187194829
2019-03-28T07:31Z,1.35535173010253907,1.35803404039611864,1.37436813914489875,1.80252711419067491,2.09792895617675867,1.39885902886963009
2019-03-28T08:01Z,1.35535173010253907,1.35803404039611864,1.37436813914489875,1.80252711419067491,2.09792895617675867,1.61407942767334056
2019-03-28T08:31Z,1.35535173010253907,1.35803404039611864,1.37436813914489875,1.80252711419067491,2.09792895617675867,1.8520665456237797
2019-03-28T09:01Z,1.35535173010253907,1.35803404039611864,1.37436813914489875,1.80252711419067491,2.09792895617675867,2.04248052529907298
2019-03-28T09:31Z,1.35535173010253907,1.35803404039611864,1.37436813914489875,1.80252711419067491,2.09792895617675867,2.09792895617675867
2019-03-28T10:01Z,1.35535173010253907,1.35803404039611864,1.37436813914489875,1.80252711419067491,2.09792895617675867,2.0806049197082519
2019-03-28T10:31Z,1.35535173010253907,1.35803404039611864,1.37436813914489875,1.80252711419067491,2.09792895617675867,1.95789672238159262
2019-03-28T11:01Z,1.35535173010253907,1.35803404039611864,1.37436813914489875,1.80252711419067491,2.09792895617675867,1.78129592929077241
2019-03-28T11:31Z,1.35535173010253907,1.35803404039611864,1.37436813914489875,1.80252711419067491,2.09792895617675867,1.55592000579834
2019-03-28T12:01Z,1.35535173010253907,1.35803404039611864,1.37436813914489875,1.80252711419067491,2.09792895617675867,1.42068087948608479
2019-03-28T12:31Z,1.35535173010253907,1.35803404039611864,1.37436813914489875,1.80252711419067491,2.09792895617675867,1.37146350933837979
2019-03-28T13:01Z,1.35535173010253907,1.35803404039611864,1.37436813914489875,1.80252711419067491,2.09792895617675867,1.3587630430908213
2019-03-28T13:31Z,1.35535173010253907,1.35803404039611864,1.37436813914489875,1.80252711419067491,2.09792895617675867,1.35823403396606501
2019-03-28T14:01Z,1.35535173010253907,1.35803404039611864,1.37436813914489875,1.80252711419067491,2.09792895617675867,1.35969102380371076
2019-03-28T14:31Z,1.35535173010253907,1.35803404039611864,1.37436813914489875,1.80252711419067491,2.09792895617675867,1.35901329418945416
2019-03-28T15:01Z,1.35535173010253907,1.35803404039611864,1.37436813914489875,1.80252711419067491,2.09792895617675867,1.36108567715454143
2019-03-28T15:31Z,1.35535173010253907,1.35803404039611864,1.37436813914489875,1.80252711419067491,2.09792895617675867,1.36357857794189563
2019-03-28T16:01Z,1.35535173010253907,1.35803404039611864,1.37436813914489875,1.80252711419067491,2.09792895617675867,1.36630693572998041
2019-03-28T16:31Z,1.35535173010253907,1.35803404039611864,1.37436813914489875,1.80252711419067491,2.09792895617675867,1.3678025513916019
2019-03-28T17:01Z,1.35535173010253907,1.35803404039611864,1.37436813914489875,1.80252711419067491,2.09792895617675867,1.36904992758178778
2019-03-28T17:31Z,1.35535173010253907,1.35803404039611864,1.37436813914489875,1.80252711419067491,2.09792895617675867,1.37019265393066547
2019-03-28T18:01Z,1.35535173010253907,1.35803404039611864,1.37436813914489875,1.80252711419067491,2.09792895617675867,1.37093757092285173
2019-03-28T18:31Z,1.35535173010253907,1.35803404039611864,1.37436813914489875,1.80252711419067491,2.09792895617675867,1.37315367068481464
2019-03-28T19:01Z,1.35535173010253907,1.35803404039611864,1.37436813914489875,1.80252711419067491,2.09792895617675867,1.37396048303222784
2019-03-28T19:31Z,1.35535173010253907,1.35803404039611864,1.37436813914489875,1.80252711419067491,2.09792895617675867,1.37452644207763797
2019-03-28T20:01Z,1.35535173010253907,1.35803404039611864,1.37436813914489875,1.80252711419067491,2.09792895617675867,1.37362083297729498
2019-03-28T20:31Z,1.35535173010253907,1.35803404039611864,1.37436813914489875,1.80252711419067491,2.09792895617675867,1.37359461990356557
2019-03-28T21:01Z,1.35535173010253907,1.35803404039611864,1.37436813914489875,1.80252711419067491,2.09792895617675867,1.37582413461303865
2019-03-28T21:31Z,1.35535173010253907,1.35803404039611864,1.37436813914489875,1.80252711419067491,2.09792895617675867,1.3764463116149912
2019-03-28T22:01Z,1.35535173010253907,1.35803404039611864,1.37436813914489875,1.80252711419067491,2.09792895617675867,1.37708892724609377
2019-03-28T22:31Z,1.35535173010253907,1.35803404039611864,1.37436813914489875,1.80252711419067491,2.09792895617675867,1.38117680151367317
2019-03-28T23:01Z,1.35535173010253907,1.35803404039611864,1.37436813914489875,1.80252711419067491,2.09792895617675867,1.38464427896118281
2019-03-28T23:31Z,1.35535173010253907,1.35803404039611864,1.37436813914489875,1.80252711419067491,2.09792895617675867,1.38264264373779433
2019-03-29T00:01Z,1.35535173010253907,1.35803404039611864,1.37436813914489875,1.80252711419067491,2.09792895617675867,1.37916993002319366
2019-03-29T00:31Z,1.35535173010253907,1.35803404039611864,1.37436813914489875,1.80252711419067491,2.09792895617675867,1.37628043899536223
2019-03-29T01:01Z,1.35535173010253907,1.35803404039611864,1.37436813914489875,1.80252711419067491,2.09792895617675867,1.37541941308593785
2019-03-29T01:31Z,1.35535173010253907,1.35803404039611864,1.37436813914489875,1.80252711419067491,2.09792895617675867,1.37420983621215953
2019-03-29T02:01Z,1.35535173010253907,1.35803404039611864,1.37436813914489875,1.80252711419067491,2.09792895617675867,1.37522543569946443
2019-03-29T02:31Z,1.35535173010253907,1.35803404039611864,1.37436813914489875,1.80252711419067491,2.09792895617675867,1.37633565475463904
2019-03-29T03:01Z,1.35535173010253907,1.35803404039611864,1.37436813914489875,1.80252711419067491,2.09792895617675867,1.37725645898437499
2019-03-29T03:31Z,1.35535173010253907,1.35803404039611864,1.37436813914489875,1.80252711419067491,2.09792895617675867,1.37643757073974626
2019-03-29T04:01Z,1.36612393234253027,1.37095925419921949,1.37655895391845817,1.66116291565551899,1.91613518496704138,1.37611762985229547
2019-03-29T04:31Z,1.36612393234253027,1.37095925419921949,1.37655895391845817,1.66116291565551899,1.91613518496704138,1.37570462536621108
2019-03-29T05:01Z,1.36612393234253027,1.37095925419921949,1.37655895391845817,1.66116291565551899,1.91613518496704138,1.37556624911499092
2019-03-29T05:31Z,1.36612393234253027,1.37095925419921949,1.37655895391845817,1.66116291565551899,1.91613518496704138,1.37454097073364245
2019-03-29T06:01Z,1.36612393234253027,1.37095925419921949,1.37655895391845817,1.66116291565551899,1.91613518496704138,1.3742547562561036
2019-03-29T06:31Z,1.36612393234253027,1.37095925419921949,1.37655895391845817,1.66116291565551899,1.91613518496704138,1.37370115420532279
2019-03-29T07:01Z,1.36612393234253027,1.37095925419921949,1.37655895391845817,1.66116291565551899,1.91613518496704138,1.37340820437622213
2019-03-29T07:31Z,1.36612393234253027,1.37095925419921949,1.37655895391845817,1.66116291565551899,1.91613518496704138,1.37079785562133871
2019-03-29T08:01Z,1.36612393234253027,1.37095925419921949,1.37655895391845817,1.66116291565551899,1.91613518496704138,1.37114318307495253
2019-03-29T08:31Z,1.36612393234253027,1.37095925419921949,1.37655895391845817,1.66116291565551899,1.91613518496704138,1.3672840148010259
2019-03-29T09:01Z,1.36612393234253027,1.37095925419921949,1.37655895391845817,1.66116291565551899,1.91613518496704138,1.41627846063232532
2019-03-29T09:31Z,1.36612393234253027,1.37095925419921949,1.37655895391845817,1.66116291565551899,1.91613518496704138,1.59465801315307765
2019-03-29T10:01Z,1.36612393234253027,1.37095925419921949,1.37655895391845817,1.66116291565551899,1.91613518496704138,1.77556826577758819
2019-03-29T10:31Z,1.36612393234253027,1.37095925419921949,1.37655895391845817,1.66116291565551899,1.91613518496704138,1.87999650842285249
2019-03-29T11:01Z,1.36612393234253027,1.37095925419921949,1.37655895391845817,1.66116291565551899,1.91613518496704138,1.91613518496704138
2019-03-29T11:31Z,1.36612393234253027,1.37095925419921949,1.37655895391845817,1.66116291565551899,1.91613518496704138,1.88746859536743194
2019-03-29T12:01Z,1.36612393234253027,1.37095925419921949,1.37655895391845817,1.66116291565551899,1.91613518496704138,1.7747135340881357
2019-03-29T12:31Z,1.36612393234253027,1.37095925419921949,1.37655895391845817,1.66116291565551899,1.91613518496704138,1.61249836489868237
2019-03-29T13:01Z,1.36612393234253027,1.37095925419921949,1.37655895391845817,1.66116291565551899,1.91613518496704138,1.4684151510009773
2019-03-29T13:31Z,1.36612393234253027,1.37095925419921949,1.37655895391845817,1.66116291565551899,1.91613518496704138,1.40877915118408303
2019-03-29T14:01Z,1.36612393234253027,1.37095925419921949,1.37655895391845817,1.66116291565551899,1.91613518496704138,1.38774629431152441
2019-03-29T14:31Z,1.36612393234253027,1.37095925419921949,1.37655895391845817,1.66116291565551899,1.91613518496704138,1.37905160092163115
2019-03-29T15:01Z,1.36612393234253027,1.37095925419921949,1.37655895391845817,1.66116291565551899,1.91613518496704138,1.37539014608764631
2019-03-29T15:31Z,1.36612393234253027,1.37095925419921949,1.37655895391845817,1.66116291565551899,1.91613518496704138,1.37669212121582163
2019-03-29T16:01Z,1.36612393234253027,1.37095925419921949,1.37655895391845817,1.66116291565551899,1.91613518496704138,1.37734580331420986
2019-03-29T16:31Z,1.36612393234253027,1.37095925419921949,1.37655895391845817,1.66116291565551899,1.91613518496704138,1.37712004086303708
2019-03-29T17:01Z,1.36612393234253027,1.37095925419921949,1.37655895391845817,1.66116291565551899,1.91613518496704138,1.37685425778198223
2019-03-29T17:31Z,1.36612393234253027,1.37095925419921949,1.37655895391845817,1.66116291565551899,1.91613518496704138,1.37416915979003917
2019-03-29T18:01Z,1.36612393234253027,1.37095925419921949,1.37655895391845817,1.66116291565551899,1.91613518496704138,1.37704557272338945
2019-03-29T18:31Z,1.36612393234253027,1.37095925419921949,1.37655895391845817,1.66116291565551899,1.91613518496704138,1.3767171163024905
2019-03-29T19:01Z,1.36612393234253027,1.37095925419921949,1.37655895391845817,1.66116291565551899,1.91613518496704138,1.37600860382080192
2019-03-29T19:31Z,1.36612393234253027,1.37095925419921949,1.37655895391845817,1.66116291565551899,1.91613518496704138,1.3758946119384774
2019-03-29T20:01Z,1.36612393234253027,1.37095925419921949,1.37655895391845817,1.66116291565551899,1.91613518496704138,1.37570001773071304
2019-03-29T20:31Z,1.36612393234253027,1.37095925419921949,1.37655895391845817,1.66116291565551899,1.91613518496704138,1.37638086657714886
2019-03-29T21:01Z,1.36612393234253027,1.37095925419921949,1.37655895391845817,1.66116291565551899,1.91613518496704138,1.37642578662109472
2019-03-29T21:31Z,1.36612393234253027,1.37095925419921949,1.37655895391845817,1.66116291565551899,1.91613518496704138,1.37566345318603567
2019-03-29T22:01Z,1.36612393234253027,1.37095925419921949,1.37655895391845817,1.66116291565551899,1.91613518496704138,1.37523886245727667
2019-03-29T22:31Z,1.36612393234253027,1.37095925419921949,1.37655895391845817,1.66116291565551899,1.91613518496704138,1.37641053573608474
2019-03-29T23:01Z,1.36612393234253027,1.37095925419921949,1.37655895391845817,1.66116291565551899,1.91613518496704138,1.38506180929565481
2019-03-29T23:31Z,1.36612393234253027,1.37095925419921949,1.37655895391845817,1.66116291565551899,1.91613518496704138,1.39968165542602563
2019-03-30T00:01Z,1.36612393234253027,1.37095925419921949,1.37655895391845817,1.66116291565551899,1.91613518496704138,1.41314974713134767
2019-03-30T00:31Z,1.36612393234253027,1.37095925419921949,1.37655895391845817,1.66116291565551899,1.91613518496704138,1.41560396633911267
2019-03-30T01:01Z,1.36612393234253027,1.37095925419921949,1.37655895391845817,1.66116291565551899,1.91613518496704138,1.39875238418579251
2019-03-30T01:31Z,1.36612393234253027,1.37095925419921949,1.37655895391845817,1.66116291565551899,1.91613518496704138,1.38067486666870209
2019-03-30T02:01Z,1.36612393234253027,1.37095925419921949,1.37655895391845817,1.66116291565551899,1.91613518496704138,1.37102842501831113
2019-03-30T02:31Z,1.36612393234253027,1.37095925419921949,1.37655895391845817,1.66116291565551899,1.91613518496704138,1.36771256307983435
2019-03-30T03:01Z,1.36612393234253027,1.37095925419921949,1.37655895391845817,1.66116291565551899,1.91613518496704138,1.36612393234253027
2019-03-30T03:31Z,1.36612393234253027,1.37095925419921949,1.37655895391845817,1.66116291565551899,1.91613518496704138,1.36626052841186585
2019-03-30T04:01Z,1.35090561987304802,1.35526949594116242,1.37546764866638238,1.65608472094726644,1.78071990100097644,1.3655205108337416
2019-03-30T04:31Z,1.35090561987304802,1.35526949594116242,1.37546764866638238,1.65608472094726644,1.78071990100097644,1.36445776998901458
2019-03-30T05:01Z,1.35090561987304802,1.35526949594116242,1.37546764866638238,1.65608472094726644,1.78071990100097644,1.3636870252990736
2019-03-30T05:31Z,1.35090561987304802,1.35526949594116242,1.37546764866638238,1.65608472094726644,1.78071990100097644,1.36236941390991362
2019-03-30T06:01Z,1.35090561987304802,1.35526949594116242,1.37546764866638238,1.65608472094726644,1.78071990100097644,1.36076914840698393
2019-03-30T06:31Z,1.35090561987304802,1.35526949594116242,1.37546764866638238,1.65608472094726644,1.78071990100097644,1.35959251995849684
2019-03-30T07:01Z,1.35090561987304802,1.35526949594116242,1.37546764866638238,1.65608472094726644,1.78071990100097644,1.35783473733520665
2019-03-30T07:31Z,1.35090561987304802,1.35526949594116242,1.37546764866638238,1.65608472094726644,1.78071990100097644,1.35647220590210082
2019-03-30T08:01Z,1.35090561987304802,1.35526949594116242,1.37546764866638238,1.65608472094726644,1.78071990100097644,1.35449188433837975
2019-03-30T08:31Z,1.35090561987304802,1.35526949594116242,1.37546764866638238,1.65608472094726644,1.78071990100097644,1.35166428866577171
2019-03-30T09:01Z,1.35090561987304802,1.35526949594116242,1.37546764866638238,1.65608472094726644,1.78071990100097644,1.35090561987304802
2019-03-30T09:31Z,1.35090561987304802,1.35526949594116242,1.37546764866638238,1.65608472094726644,1.78071990100097644,1.35176414337158235
2019-03-30T10:01Z,1.35090561987304802,1.35526949594116242,1.37546764866638238,1.65608472094726644,1.78071990100097644,1.35301552105712908
2019-03-30T10:31Z,1.35090561987304802,1.35526949594116242,1.37546764866638238,1.65608472094726644,1.78071990100097644,1.38512554058837978
2019-03-30T11:01Z,1.35090561987304802,1.35526949594116242,1.37546764866638238,1.65608472094726644,1.78071990100097644,1.46800037701416031
2019-03-30T11:31Z,1.35090561987304802,1.35526949594116242,1.37546764866638238,1.65608472094726644,1.78071990100097644,1.6146614808959967
2019-03-30T12:01Z,1.35090561987304802,1.35526949594116242,1.37546764866638238,1.65608472094726644,1.78071990100097644,1.7392802614746099
2019-03-30T12:31Z,1.35090561987304802,1.35526949594116242,1.37546764866638238,1.65608472094726644,1.78071990100097644,1.78071990100097644
2019-03-30T13:01Z,1.35090561987304802,1.35526949594116242,1.37546764866638238,1.65608472094726644,1.78071990100097644,1.75212416342163202
2019-03-30T13:31Z,1.35090561987304802,1.35526949594116242,1.37546764866638238,1.65608472094726644,1.78071990100097644,1.67051473645019577
2019-03-30T14:01Z,1.35090561987304802,1.35526949594116242,1.37546764866638238,1.65608472094726644,1.78071990100097644,1.53389832470703169
2019-03-30T14:31Z,1.35090561987304802,1.35526949594116242,1.37546764866638238,1.65608472094726644,1.78071990100097644,1.42058386404418968
2019-03-30T15:01Z,1.35090561987304802,1.35526949594116242,1.37546764866638238,1.65608472094726644,1.78071990100097644,1.37077336810302874
2019-03-30T15:31Z,1.35090561987304802,1.35526949594116242,1.37546764866638238,1.65608472094726644,1.78071990100097644,1.35560275805664077
2019-03-30T16:01Z,1.35090561987304802,1.35526949594116242,1.37546764866638238,1.65608472094726644,1.78071990100097644,1.35573723709106453
2019-03-30T16:31Z,1.35090561987304802,1.35526949594116242,1.37546764866638238,1.65608472094726644,1.78071990100097644,1.35966047351074337
2019-03-30T17:01Z,1.35090561987304802,1.35526949594116242,1.37546764866638238,1.65608472094726644,1.78071990100097644,1.36481949987792994
2019-03-30T17:31Z,1.35090561987304802,1.35526949594116242,1.37546764866638238,1.65608472094726644,1.78071990100097644,1.3700741480102554
2019-03-30T18:01Z,1.35090561987304802,1.35526949594116242,1.37546764866638238,1.65608472094726644,1.78071990100097644,1.37253866293334958
2019-03-30T18:31Z,1.35090561987304802,1.35526949594116242,1.37546764866638238,1.65608472094726644,1.78071990100097644,1.37504982955932675
2019-03-30T19:01Z,1.35090561987304802,1.35526949594116242,1.37546764866638238,1.65608472094726644,1.78071990100097644,1.3774177690429692
2019-03-30T19:31Z,1.35090561987304802,1.35526949594116242,1.37546764866638238,1.65608472094726644,1.78071990100097644,1.37827489773559719
2019-03-30T20:01Z,1.35090561987304802,1.35526949594116242,1.37546764866638238,1.65608472094726644,1.78071990100097644,1.37822997769165134
2019-03-30T20:31Z,1.35090561987304802,1.35526949594116242,1.37546764866638238,1.65608472094726644,1.78071990100097644,1.37785665698242177
2019-03-30T21:01Z,1.35090561987304802,1.35526949594116242,1.37546764866638238,1.65608472094726644,1.78071990100097644,1.37665481765747089
2019-03-30T21:31Z,1.35090561987304802,1.35526949594116242,1.37546764866638238,1.65608472094726644,1.78071990100097644,1.37588546777343801
2019-03-30T22:01Z,1.35090561987304802,1.35526949594116242,1.37546764866638238,1.65608472094726644,1.78071990100097644,1.37481393029785259
2019-03-30T22:31Z,1.35090561987304802,1.35526949594116242,1.37546764866638238,1.65608472094726644,1.78071990100097644,1.37302998312378044
2019-03-30T23:01Z,1.35090561987304802,1.35526949594116242,1.37546764866638238,1.65608472094726644,1.78071990100097644,1.37197975930786242
2019-03-30T23:31Z,1.35090561987304802,1.35526949594116242,1.37546764866638238,1.65608472094726644,1.78071990100097644,1.38436307427978633
2019-03-31T00:01Z,1.35090561987304802,1.35526949594116242,1.37546764866638238,1.65608472094726644,1.78071990100097644,1.44761828698730532
2019-03-31T00:31Z,1.35090561987304802,1.35526949594116242,1.37546764866638238,1.65608472094726644,1.78071990100097644,1.55286051846313633
2019-03-31T01:01Z,1.35090561987304802,1.35526949594116242,1.37546764866638238,1.65608472094726644,1.78071990100097644,1.64677232122802764
2019-03-31T01:31Z,1.35090561987304802,1.35526949594116242,1.37546764866638238,1.65608472094726644,1.78071990100097644,1.69355110842895584
2019-03-31T02:01Z,1.35090561987304802,1.35526949594116242,1.37546764866638238,1.65608472094726644,1.78071990100097644,1.6499004285888681
2019-03-31T02:31Z,1.35090561987304802,1.35526949594116242,1.37546764866638238,1.65608472094726644,1.78071990100097644,1.56271541040039175
2019-03-31T03:01Z,1.35090561987304802,1.35526949594116242,1.37546764866638238,1.65608472094726644,1.78071990100097644,1.46000949954223636
2019-03-31T03:31Z,1.35090561987304802,1.35526949594116242,1.37546764866638238,1.65608472094726644,1.78071990100097644,1.39937237313842822
2019-03-31T04:01Z,1.36607024893188544,1.3697660865417487,1.44472325320434614,1.98772662969055292,2.32046810070800902,1.37516881445312578
2019-03-31T04:31Z,1.36607024893188544,1.3697660865417487,1.44472325320434614,1.98772662969055292,2.32046810070800902,1.36721653564453227
2019-03-31T05:01Z,1.36607024893188544,1.3697660865417487,1.44472325320434614,1.98772662969055292,2.32046810070800902,1.36626778668212978
2019-03-31T05:31Z,1.36607024893188544,1.3697660865417487,1.44472325320434614,1.98772662969055292,2.32046810070800902,1.36607024893188544
2019-03-31T06:01Z,1.36607024893188544,1.3697660865417487,1.44472325320434614,1.98772662969055292,2.32046810070800902,1.36834122760009791
2019-03-31T06:31Z,1.36607024893188544,1.3697660865417487,1.44472325320434614,1.98772662969055292,2.32046810070800902,1.36904795989990369
2019-03-31T07:01Z,1.36607024893188544,1.3697660865417487,1.44472325320434614,1.98772662969055292,2.32046810070800902,1.37007385510253954
2019-03-31T07:31Z,1.36607024893188544,1.3697660865417487,1.44472325320434614,1.98772662969055292,2.32046810070800902,1.37072581277465844
2019-03-31T08:01Z,1.36607024893188544,1.3697660865417487,1.44472325320434614,1.98772662969055292,2.32046810070800902,1.37231684051513803
2019-03-31T08:31Z,1.36607024893188544,1.3697660865417487,1.44472325320434614,1.98772662969055292,2.32046810070800902,1.37360550497436584
2019-03-31T09:01Z,1.36607024893188544,1.3697660865417487,1.44472325320434614,1.98772662969055292,2.32046810070800902,1.37365008816528444
2019-03-31T09:31Z,1.36607024893188544,1.3697660865417487,1.44472325320434614,1.98772662969055292,2.32046810070800902,1.37387879449462957
2019-03-31T10:01Z,1.36607024893188544,1.3697660865417487,1.44472325320434614,1.98772662969055292,2.32046810070800902,1.37419127780151484
2019-03-31T10:31Z,1.36607024893188544,1.3697660865417487,1.44472325320434614,1.98772662969055292,2.32046810070800902,1.37406848928833014
2019-03-31T11:01Z,1.36607024893188544,1.3697660865417487,1.44472325320434614,1.98772662969055292,2.32046810070800902,1.41025730059814514
2019-03-31T11:31Z,1.36607024893188544,1.3697660865417487,1.44472325320434614,1.98772662969055292,2.32046810070800902,1.65946937023925933
2019-03-31T12:01Z,1.36607024893188544,1.3697660865417487,1.44472325320434614,1.98772662969055292,2.32046810070800902,1.92392876126098678
2019-03-31T12:31Z,1.36607024893188544,1.3697660865417487,1.44472325320434614,1.98772662969055292,2.32046810070800902,2.13658832269287124
2019-03-31T13:01Z,1.36607024893188544,1.3697660865417487,1.44472325320434614,1.98772662969055292,2.32046810070800902,2.24073130386352659
2019-03-31T13:31Z,1.36607024893188544,1.3697660865417487,1.44472325320434614,1.98772662969055292,2.32046810070800902,2.32046810070800902
2019-03-31T14:01Z,1.36607024893188544,1.3697660865417487,1.44472325320434614,1.98772662969055292,2.32046810070800902,2.23022696243286234
2019-03-31T14:31Z,1.36607024893188544,1.3697660865417487,1.44472325320434614,1.98772662969055292,2.32046810070800902,2.16650948651123088
2019-03-31T15:01Z,1.36607024893188544,1.3697660865417487,1.44472325320434614,1.98772662969055292,2.32046810070800902,1.91458350466919036
2019-03-31T15:31Z,1.36607024893188544,1.3697660865417487,1.44472325320434614,1.98772662969055292,2.32046810070800902,1.69285796231079111
2019-03-31T16:01Z,1.36607024893188544,1.3697660865417487,1.44472325320434614,1.98772662969055292,2.32046810070800902,1.51797756735229505
2019-03-31T16:31Z,1.36607024893188544,1.3697660865417487,1.44472325320434614,1.98772662969055292,2.32046810070800902,1.43591379809570441
2019-03-31T17:01Z,1.36607024893188544,1.3697660865417487,1.44472325320434614,1.98772662969055292,2.32046810070800902,1.41451380978393537
2019-03-31T17:31Z,1.36607024893188544,1.3697660865417487,1.44472325320434614,1.98772662969055292,2.32046810070800902,1.41137729116821298
2019-03-31T18:01Z,1.36607024893188544,1.3697660865417487,1.44472325320434614,1.98772662969055292,2.32046810070800902,1.41262149237060619
2019-03-31T18:31Z,1.36607024893188544,1.3697660865417487,1.44472325320434614,1.98772662969055292,2.32046810070800902,1.41701679049682738
2019-03-31T19:01Z,1.36607024893188544,1.3697660865417487,1.44472325320434614,1.98772662969055292,2.32046810070800902,1.42235771835327185
2019-03-31T19:31Z,1.36607024893188544,1.3697660865417487,1.44472325320434614,1.98772662969055292,2.32046810070800902,1.42845385891723708
2019-03-31T20:01Z,1.36607024893188544,1.3697660865417487,1.44472325320434614,1.98772662969055292,2.32046810070800902,1.43572211389160209
2019-03-31T20:31Z,1.36607024893188544,1.3697660865417487,1.44472325320434614,1.98772662969055292,2.32046810070800902,1.44195796975708035
2019-03-31T21:01Z,1.36607024893188544,1.3697660865417487,1.44472325320434614,1.98772662969055292,2.32046810070800902,1.44748853665161192
2019-03-31T21:31Z,1.36607024893188544,1.3697660865417487,1.44472325320434614,1.98772662969055292,2.32046810070800902,1.45295447433471736
2019-03-31T22:01Z,1.36607024893188544,1.3697660865417487,1.44472325320434614,1.98772662969055292,2.32046810070800902,1.45678781491088927
2019-03-31T22:31Z,1.36607024893188544,1.3697660865417487,1.44472325320434614,1.98772662969055292,2.32046810070800902,1.4604961456604002
2019-03-31T23:01Z,1.36607024893188544,1.3697660865417487,1.44472325320434614,1.98772662969055292,2.32046810070800902,1.4654801112976088
2019-03-31T23:31Z,1.36607024893188544,1.3697660865417487,1.44472325320434614,1.98772662969055292,2.32046810070800902,1.46924226300048844
2019-04-01T00:01Z,1.36607024893188544,1.3697660865417487,1.44472325320434614,1.98772662969055292,2.32046810070800902,1.47249561276245267
2019-04-01T00:31Z,1.36607024893188544,1.3697660865417487,1.44472325320434614,1.98772662969055292,2.32046810070800902,1.48064008877563502
2019-04-01T01:01Z,1.36607024893188544,1.3697660865417487,1.44472325320434614,1.98772662969055292,2.32046810070800902,1.52491707427978618
2019-04-01T01:31Z,1.36607024893188544,1.3697660865417487,1.44472325320434614,1.98772662969055292,2.32046810070800902,1.65746168914795078
2019-04-01T02:01Z,1.36607024893188544,1.3697660865417487,1.44472325320434614,1.98772662969055292,2.32046810070800902,1.7670047603454595
2019-04-01T02:31Z,1.36607024893188544,1.3697660865417487,1.44472325320434614,1.98772662969055292,2.32046810070800902,1.79444262496948248
2019-04-01T03:01Z,1.36607024893188544,1.3697660865417487,1.44472325320434614,1.98772662969055292,2.32046810070800902,1.73146811050415117
2019-04-01T03:31Z,1.36607024893188544,1.3697660865417487,1.44472325320434614,1.98772662969055292,2.32046810070800902,1.61474033020019547
2019-04-01T04:01Z,1.46542919491577273,1.46656904674987798,1.47085614566040146,1.48641193076782341,1.53148739358520558,1.53148739358520558
2019-04-01T04:31Z,1.46542919491577273,1.46656904674987798,1.47085614566040146,1.48641193076782341,1.53148739358520558,1.48761407052612427
2019-04-01T05:01Z,1.46542919491577273,1.46656904674987798,1.47085614566040146,1.48641193076782341,1.53148739358520558,1.47559267294311525
2019-04-01T05:31Z,1.46542919491577273,1.46656904674987798,1.47085614566040146,1.48641193076782341,1.53148739358520558,1.47205344555664119
2019-04-01T06:01Z,1.46542919491577273,1.46656904674987798,1.47085614566040146,1.48641193076782341,1.53148739358520558,1.46937624627685537
2019-04-01T06:31Z,1.46542919491577273,1.46656904674987798,1.47085614566040146,1.48641193076782341,1.53148739358520558,1.46796773684692461
2019-04-01T07:01Z,1.46542919491577273,1.46656904674987798,1.47085614566040146,1.48641193076782341,1.53148739358520558,1.46652416195678725
2019-04-01T07:31Z,1.46542919491577273,1.46656904674987798,1.47085614566040146,1.48641193076782341,1.53148739358520558,1.46697300988769541
2019-04-01T08:01Z,1.46542919491577273,1.46656904674987798,1.47085614566040146,1.48641193076782341,1.53148739358520558,1.47023187588501081
2019-04-01T08:31Z,1.46542919491577273,1.46656904674987798,1.47085614566040146,1.48641193076782341,1.53148739358520558,1.47232691156006013
2019-04-01T09:01Z,1.46542919491577273,1.46656904674987798,1.47085614566040146,1.48641193076782341,1.53148739358520558,1.47148041543579211
2019-04-01T09:31Z,1.46542919491577273,1.46656904674987798,1.47085614566040146,1.48641193076782341,1.53148739358520558,1.46542919491577273
